Rider,Number,Bike,"Les Gets - 2024 Class","Les Gets - 2024 Cost","Les Gets - 2024 Status","Val di Sole - 2024 Class","Val di Sole - 2024 Position","Val di Sole - 2024 Points","Leogang - 2024 Class","Leogang - 2024 Position","Leogang - 2024 Points","Bielsko-Biala - 2024 Class","Bielsko-Biala - 2024 Position","Bielsko-Biala - 2024 Points","Fort William - 2024 Class","Fort William - 2024 Position","Fort William - 2024 Points","Mont-Sainte-Anne - 2023 Class","Mont-Sainte-Anne - 2023 Position","Mont-Sainte-Anne - 2023 Points","Snowshoe - 2023 Class","Snowshoe - 2023 Position","Snowshoe - 2023 Points","Les Gets - 2023 Class","Les Gets - 2023 Position","Les Gets - 2023 Points","Loudenvielle - 2023 Class","Loudenvielle - 2023 Position","Loudenvielle - 2023 Points","Andorra - 2023 Class","Andorra - 2023 Position","Andorra - 2023 Points","Val di Sole - 2023 Class","Val di Sole - 2023 Position","Val di Sole - 2023 Points","Leogang - 2023 Class","Leogang - 2023 Position","Leogang - 2023 Points","Lenzerheide - 2023 Class","Lenzerheide - 2023 Position","Lenzerheide - 2023 Points"
"Abigail Hogie",,"Beyond Racing","Elite Women",50000,,"Elite Women",DNQ,0,"Elite Women",DNQ,0,"Elite Women",DNQ,0,"Elite Women",DNQ,0,,,,,,,,,,,,,,,,,,,,,,,,
"Abigail Ronca",,"Evolve Racing","Elite Women",50000,,"Elite Women",DNQ,0,"Elite Women",DNQ,0,"Elite Women",DNQ,0,"Elite Women",DNQ,0,"Junior Women",8,15,"Junior Women",9,10,"Junior Women",10,5,,,,"Junior Women",8,15,"Junior Women",8,15,"Junior Women",9,10,,,
"Adam Brayton",,"BNC Racing","Elite Men",36000,,"Elite Men",N/A,0,"Elite Men",N/A,0,"Elite Men",DNQ,0,"Elite Men",N/A,0,,,,,,,,,,,,,,,,,,,,,,,,
"Adam Rojcek",,,"Elite Men",36000,,"Elite Men",DNQ,0,"Elite Men",DNQ,0,"Elite Men",DNQ,0,,,,,,,,,,,,,,,,,,,,,,,,,,,
"Adelina Fontaine",,,"Elite Women",20000,,,,,,,,,,,,,,,,,,,,,,,,,,,,,,,,,,,,,
"Aimi Kenyon",,"Unior-Sinter Factory Racing","Elite Women",70000,,"Elite Women",DNQ,0,"Elite Women",DNQ,0,,,,,,,"Junior Women",4,40,"Junior Women",7,25,"Junior Women",8,15,,,,,,,"Junior Women",7,25,"Junior Women",2,50,"Junior Women",5,35
"Albertas Turba",,,"Elite Men",10000,,"Elite Men",DNQ,0,"Elite Men",DNQ,0,,,,,,,,,,,,,,,,,,,,,,,,,,,,,,
"Alix Francoz",,"Dorval AM Commencal","Elite Men",29000,,"Elite Men",DNS,0,"Elite Men",DNS,0,"Elite Men",DNS,0,,,,,,,,,,,,,,,,,,,,,,,,,,,
"Alvaro Pestana",,,"Junior Men",7000,,,,,,,,,,,"Junior Men",DNQ,0,,,,,,,,,,,,,,,,,,,,,,,,
"Amaury Pierron",,"Commencal/Muc-Off by Riding Addiction","Elite Men",233000,,"Elite Men",1,250,"Elite Men",13,65,"Elite Men",5,140,"Elite Men",15,60,,,,,,,,,,,,,,,,,,,,,,,,
"Amelia Dudek",,,"Junior Women",15000,,"Junior Women",9,10,"Junior Women",9,10,"Junior Women",DNQ,0,"Junior Women",10,5,,,,,,,,,,,,,"Junior Women",DNF,0,"Junior Women",9,10,"Junior Women",7,25,,,
"Anatole Brunel",,,"Junior Men",12000,,,,,"Junior Men",DNQ,0,"Junior Men",DNQ,0,,,,,,,,,,,,,,,,,,,,,,,,,,,
"Andreas Kolb",,"Continental Atherton","Elite Men",209000,,"Elite Men",11,71,"Elite Men",6,125,"Elite Men",8,95,"Elite Men",9,80,"Elite Men",8,95,"Elite Men",7,110,"Elite Men",2,210,"Elite Men",15,60,,,,"Elite Men",6,125,"Elite Men",1,250,,,
"Angel Suarez",,"Frameworks Racing","Elite Men",67000,,"Elite Men",N/A,0,"Elite Men",N/A,0,"Elite Men",9,80,"Elite Men",N/A,0,,,,,,,,,,,,,"Elite Men",7,110,,,,,,,,,
"Anna Newkirk",,"Beyond Racing","Elite Women",122000,,"Elite Women",9,60,"Elite Women",2,210,"Elite Women",11,50,"Elite Women",8,70,,,,,,,"Elite Women",6,90,,,,,,,,,,,,,"Elite Women",10,50
"Anthony Poulson",,,"Elite Men",10000,,,,,,,,,,,,,,,,,,,,,,,,,,,,,,,,,,,,,
"Antoine Pierron",,"Commencal ICStudio","Elite Men",53000,,"Elite Men",N/A,0,"Elite Men",29,32,"Elite Men",DNQ,0,"Elite Men",DNQ,0,,,,,,,,,,"Elite Men",10,75,,,,"Elite Men",12,68,,,,,,
"Antoine Rogge",,"Lapierre Zipp Collective","Elite Men",34000,,"Elite Men",DNQ,0,"Elite Men",DNQ,0,"Elite Men",N/A,0,"Elite Men",DNQ,0,,,,,,,,,,,,,,,,,,,,,,,,
"Antoine Vidal",,"Commencal Les Orres","Elite Men",44000,,"Elite Men",27,36,"Elite Men",N/A,0,,,,"Elite Men",DNS,0,,,,"Elite Men",17,56,,,,,,,"Elite Men",4,160,,,,,,,"Elite Men",13,65
"Antonio Royo Blesa",,,"Elite Men",14000,,,,,"Elite Men",DNQ,0,,,,,,,,,,,,,,,,,,,,,,,,,,,,,,
"Arielle Behr",,,"Junior Women",10000,,,,,,,,,,,,,,,,,,,,,,,,,,,,,,,,,,,,,
"Arnau Miro Graslaub",,,"Elite Men",30000,,"Elite Men",DNQ,0,"Elite Men",DNQ,0,"Elite Men",DNQ,0,"Elite Men",DNQ,0,,,,,,,,,,,,,,,,,,,,,,,,
"Arved May",,,"Junior Men",12000,,"Junior Men",DNQ,0,,,,"Junior Men",DNQ,0,,,,,,,,,,,,,,,,,,,,,,,,,,,
"Asa Vermette",,"Frameworks Racing","Junior Men",53000,,"Junior Men",2,50,"Junior Men",21,5,"Junior Men",1,60,"Junior Men",1,60,,,,,,,,,,,,,,,,,,,,,,,,
"Athanasios Paradas",,,"Junior Men",8000,,"Junior Men",DNQ,0,"Junior Men",DNQ,0,,,,,,,,,,,,,,,,,,,,,,,,,,,,,,
"Austin Dooley",,"Commencal / Schwalbe","Elite Men",43000,,"Elite Men",DNQ,0,"Elite Men",DNQ,0,"Elite Men",26,38,"Elite Men",DNF,0,,,,"Elite Men",19,52,,,,,,,"Elite Men",18,54,,,,,,,,,
"Baptiste Pierron",,"Dorval AM Commencal","Elite Men",44000,Out,"Elite Men",DNQ,0,"Elite Men",N/A,0,"Elite Men",DNQ,0,"Elite Men",DNQ,0,"Elite Men",11,71,,,,"Elite Men",18,54,,,,"Elite Men",20,50,"Elite Men",20,50,,,,"Elite Men",18,54
"Bastien Derail",,,"Junior Men",6000,,,,,,,,,,,,,,,,,,,,,,,,,,,,,,,,,,,,,
"Benjamin Wilson",,"Raw Fusion Racing","Junior Men",15000,,"Junior Men",DNQ,0,"Junior Men",DNQ,0,"Junior Men",DNQ,0,"Junior Men",DNQ,0,,,,,,,,,,,,,,,,,,,,,,,,
"Benny De Vall",,"Outlaw United","Junior Men",15000,,"Junior Men",DNQ,0,"Junior Men",DNQ,0,"Junior Men",DNQ,0,"Junior Men",DNQ,0,,,,,,,,,,,,,,,,,,,,,,,,
"Benoit Coulanges",,"Dorval AM Commencal","Elite Men",238000,,"Elite Men",17,56,"Elite Men",5,140,"Elite Men",4,160,"Elite Men",6,125,,,,,,,"Elite Men",1,250,"Elite Men",16,58,,,,"Elite Men",8,95,"Elite Men",10,75,"Elite Men",8,95
"Bernard Kerr",,"Pivot Factory Racing","Elite Men",118000,,"Elite Men",DNS,0,"Elite Men",8,95,"Elite Men",15,60,"Elite Men",14,63,"Elite Men",4,160,"Elite Men",5,140,"Elite Men",12,68,"Elite Men",13,65,"Elite Men",5,140,"Elite Men",7,110,"Elite Men",18,54,"Elite Men",14,63
"Bode Burke",,"Outlaw United","Junior Men",8000,,"Junior Men",DNQ,0,"Junior Men",15,12,,,,,,,,,,,,,,,,,,,,,,,,,,,,,,
"Bodhi Kuhn",,"Trek Factory Racing Gravity","Elite Men",46000,,"Elite Men",31,30,"Elite Men",21,48,"Elite Men",22,46,"Elite Men",23,44,,,,,,,,,,,,,"Junior Men",5,35,"Junior Men",1,60,"Junior Men",2,50,"Junior Men",2,50
"Braedyn Davis",,,"Junior Men",15000,,"Junior Men",DNQ,0,"Junior Men",DNQ,0,"Junior Men",DNQ,0,"Junior Men",DNQ,0,,,,,,,,,,,,,,,,,,,,,,,,
"Brook Macdonald",,"Forbidden Synthesis Team","Elite Men",27000,,"Elite Men",DNQ,0,"Elite Men",DNQ,0,"Elite Men",N/A,0,"Elite Men",N/A,0,,,,,,,,,,,,,,,,,,,,,,,,
"Bryn Dickerson",,,"Elite Men",34000,,"Elite Men",DNQ,0,"Elite Men",DNQ,0,"Elite Men",DNQ,0,,,,,,,,,,,,,,,,,,,,,,,,,,,
"Callum Crofts",,"Raw Fusion Racing","Junior Men",15000,,"Junior Men",DNQ,0,"Junior Men",DNQ,0,"Junior Men",DNQ,0,"Junior Men",DNQ,0,,,,,,,,,,,,,,,,,,,,,,,,
"Callum Morris",,,"Junior Men",20000,,"Junior Men",DNQ,0,,,,"Junior Men",DNQ,0,"Junior Men",DNQ,0,,,,,,,,,,,,,,,,,,,,,,,,
"Camille Balanche",,"Dorval AM Commencal","Elite Women",198000,,"Elite Women",DNF,0,"Elite Women",DNS,0,"Elite Women",2,210,"Elite Women",4,150,,,,,,,,,,,,,,,,"Elite Women",2,210,"Elite Women",2,210,"Elite Women",2,210
"Carlos David Ferreira Martins",,,"Elite Men",10000,,,,,,,,,,,,,,,,,,,,,,,,,,,,,,,,,,,,,
"Carter Sloan",,"Synergy 37","Junior Men",16000,,"Junior Men",DNS,0,"Junior Men",DNS,0,"Junior Men",16,10,"Junior Men",DNQ,0,,,,,,,,,,,,,,,,,,,,,,,,
"Charlie Hatton",,"Continental Atherton","Elite Men",83000,,"Elite Men",14,63,"Elite Men",18,54,"Elite Men",24,42,"Elite Men",N/A,0,,,,,,,,,,,,,,,,,,,"Elite Men",16,58,"Elite Men",10,75
"Chloe Taylor",,,"Elite Women",20000,Out,"Elite Women",DNS,0,,,,,,,"Elite Women",DNQ,0,,,,,,,,,,,,,,,,,,,,,,,,
"Chloe Vionnet",,,"Junior Women",13000,,"Junior Women",DNQ,0,"Junior Women",DNQ,0,"Junior Women",DNS,0,,,,,,,,,,"Junior Women",7,25,"Junior Women",9,10,,,,,,,,,,,,
"Christian Hauser",,"Union - Forged by Steel City Media","Junior Men",32000,,"Junior Men",9,24,"Junior Men",DNQ,0,"Junior Men",21,5,"Junior Men",DNS,0,,,,,,,,,,"Junior Men",3,45,"Junior Men",2,50,,,,,,,"Junior Men",1,60
"Christoph Handl",,,"Elite Men",10000,,,,,"Elite Men",N/A,0,,,,,,,,,,,,,,,,,,,,,,,,,,,,,,
"Christopher Cumming",,"Continental GT Factory Racing","Elite Men",23000,,"Elite Men",DNS,0,,,,,,,"Elite Men",DNQ,0,,,,,,,,,,,,,,,,,,,,,,,,
"Christopher Grice",,Gen-S,"Elite Men",32000,,"Elite Men",DNQ,0,"Elite Men",N/A,0,"Elite Men",N/A,0,"Elite Men",DNQ,0,,,,,,,,,,,,,,,,,,,,,,,,
"Clement Laugier",,,"Junior Men",15000,,"Junior Men",DNQ,0,"Junior Men",19,7,"Junior Men",23,3,"Junior Men",DNQ,0,,,,,,,,,,"Junior Men",9,24,,,,,,,,,,,,
"Colin Mcelyea",,"Evolve Racing","Elite Men",32000,,"Elite Men",DNQ,0,"Elite Men",DNQ,0,"Elite Men",DNQ,0,"Elite Men",DNQ,0,,,,,,,,,,,,,,,,,,,,,,,,
"Collier Kee",,"The Gravity Collective","Junior Men",15000,,"Junior Men",DNQ,0,"Junior Men",DNQ,0,"Junior Men",DNQ,0,"Junior Men",DNQ,0,,,,,,,,,,,,,,,,,,,,,,,,
"Colton Hubbard",,,"Junior Men",7000,,"Junior Men",DNQ,0,,,,,,,,,,,,,,,,,,,,,,,,,,,,,,,,,
"Cooper Downey",,,"Elite Men",10000,,"Elite Men",DNQ,0,"Elite Men",DNQ,0,,,,,,,,,,,,,,,,,,,,,,,,,,,,,,
"Corentin Vifian",,,"Junior Men",7000,,"Junior Men",DNQ,0,,,,,,,,,,,,,,,,,,,,,,,,,,,,,,,,,
"Dakotah Norton",,"Mondraker Factory Racing","Elite Men",207000,,"Elite Men",2,210,"Elite Men",14,63,"Elite Men",31,30,"Elite Men",4,160,"Elite Men",6,125,"Elite Men",3,180,,,,"Elite Men",2,210,,,,,,,"Elite Men",14,63,"Elite Men",9,80
"Dan Slack",,"Seton Tuning","Elite Men",31000,,"Elite Men",N/A,0,"Elite Men",N/A,0,"Elite Men",28,34,"Elite Men",DNQ,0,,,,,,,,,,,,,,,,,,,,,,,,
"Dane Jewett",,"Pivot Factory Racing","Junior Men",44000,,"Junior Men",13,16,"Junior Men",2,50,"Junior Men",3,45,"Junior Men",5,35,,,,"Junior Men",7,28,"Junior Men",8,26,,,,,,,,,,,,,"Junior Men",7,28
"Daniel Booker",,,"Elite Men",10000,,,,,,,,,,,,,,,,,,,,,,,,,,,,,,,,,,,,,
"Daniel Castellanos",,,"Elite Men",30000,,"Elite Men",N/A,0,"Elite Men",DNQ,0,"Elite Men",DNQ,0,"Elite Men",DNQ,0,"Junior Men",6,30,"Junior Men",4,40,,,,,,,,,,,,,"Junior Men",3,45,,,
"Daniel Parfitt",,"BNC Racing","Junior Men",33000,,"Junior Men",12,18,"Junior Men",DNQ,0,"Junior Men",7,28,"Junior Men",3,45,,,,,,,,,,,,,,,,,,,,,,,,
"Danika Botha",,,"Junior Women",12000,,,,,,,,,,,"Junior Women",DNQ,0,,,,,,,,,,,,,,,,,,,,,,,,
"Danny Hart",,"Continental GT Factory Racing","Elite Men",85000,,"Elite Men",10,75,"Elite Men",11,71,"Elite Men",20,50,"Elite Men",13,65,,,,,,,,,,,,,,,,"Elite Men",9,80,,,,"Elite Men",12,68
"Dante Silva",,"Canyon CLLCTV Pirelli","Elite Men",34000,,"Elite Men",16,58,"Elite Men",N/A,0,"Elite Men",N/A,0,"Elite Men",DNQ,0,,,,,,,,,,,,,,,,,,,,,,,,
"Darcy Coutts",,,"Elite Men",10000,,"Elite Men",DNQ,0,"Elite Men",DNQ,0,,,,,,,,,,,,,,,,,,,,,,,,,,,,,,
"David Trummer",,"MS Intense Racing","Elite Men",32000,,"Elite Men",DNS,0,"Elite Men",DNS,0,,,,,,,,,,,,,,,,,,,,,,,,,,,,,,
"Davide Cappello",,"The Gravity Cartel-Rogue Racing","Elite Men",30000,,"Elite Men",DNQ,0,"Elite Men",DNQ,0,"Elite Men",N/A,0,"Elite Men",DNQ,0,,,,,,,,,,,,,,,,,,,,,,,,
"Davide Palazzari",,"The Gravity Cartel-Rogue Racing","Elite Men",41000,,"Elite Men",DNS,0,"Elite Men",DNS,0,"Elite Men",N/A,0,"Elite Men",DNQ,0,"Elite Men",15,60,,,,,,,"Elite Men",7,110,"Elite Men",16,58,,,,,,,,,
"Delphine Bulliard",,,"Elite Women",30000,,"Elite Women",DNQ,0,"Elite Women",DNQ,0,,,,,,,,,,,,,,,,,,,,,,,,,,,,,,
"Diego Lobos",,,"Junior Men",6000,,,,,,,,,,,,,,,,,,,,,,,,,,,,,,,,,,,,,
"Dom Platt",,"Continental Atherton","Elite Men",30000,,"Elite Men",DNF,0,"Elite Men",DNQ,0,,,,"Elite Men",DNS,0,"Junior Men",5,35,"Junior Men",5,35,,,,"Junior Men",7,28,,,,,,,,,,,,
"Douglas Goodwill",,"Triple Five Racing","Elite Men",30000,,"Elite Men",DNQ,0,"Elite Men",DNQ,0,"Elite Men",DNQ,0,"Elite Men",N/A,0,,,,,,,,,,,,,,,,,,,,,,,,
"Douglas Vieira",,,"Elite Men",30000,,"Elite Men",N/A,0,"Elite Men",DNQ,0,"Elite Men",DNQ,0,"Elite Men",26,38,,,,,,,,,,,,,,,,,,,,,,,,
"Drake Parker",,"Outlaw United","Junior Men",6000,,,,,,,,,,,,,,,,,,,,,,,,,,,,,,,,,,,,,
"Dylan Conte",,,"Elite Men",16000,Out,"Elite Men",DNQ,0,"Elite Men",DNQ,0,,,,,,,,,,,,,,,,,,,,,,,,,,,,,,
"Dylan Levesque",,"Scott Downhill Factory","Elite Men",68000,,"Elite Men",N/A,0,"Elite Men",DNQ,0,"Elite Men",20,50,"Elite Men",N/A,0,,,,"Elite Men",15,60,"Elite Men",11,71,"Elite Men",6,125,,,,,,,"Elite Men",20,50,"Elite Men",20,50
"Dylan Maples",,"Commencal/Muc-Off by Riding Addiction","Elite Men",65000,,"Elite Men",8,95,"Elite Men",N/A,0,"Elite Men",23,44,"Elite Men",24,42,"Elite Men",13,65,"Elite Men",20,50,,,,,,,"Elite Men",17,56,,,,,,,,,
"Dylan Marino",,"Outlaw United","Junior Men",15000,,,,,"Junior Men",DNQ,0,"Junior Men",DNQ,0,"Junior Men",20,6,,,,,,,,,,,,,,,,,,,"Junior Men",6,30,,,
"Edward Masters",,"Pivot Factory Racing","Elite Men",30000,,"Elite Men",DNS,0,,,,,,,"Elite Men",DNQ,0,,,,,,,,,,,,,,,,,,,,,,,,
"Eelis Kesalainen",,,"Junior Men",6000,,,,,,,,,,,,,,,,,,,,,,,,,,,,,,,,,,,,,
"Eleonora Farina",,"MS Intense Racing","Elite Women",57000,,"Elite Women",N/A,0,"Elite Women",8,70,"Elite Women",N/A,0,"Elite Women",DNQ,0,,,,,,,"Elite Women",8,70,,,,"Elite Women",5,120,,,,,,,,,
"Eliana Hulsebosch",,"Union - Forged by Steel City Media","Junior Women",54000,,"Junior Women",1,60,"Junior Women",2,50,"Junior Women",4,40,"Junior Women",3,45,,,,,,,,,,,,,,,,,,,,,,,,
"Elias Hassfeld",,,"Junior Men",12000,,"Junior Men",DNQ,0,,,,"Junior Men",DNQ,0,,,,,,,,,,,,,,,,,,,,,,,,,,,
"Elias Verstad Stubergh",,,"Junior Men",8000,,"Junior Men",DNQ,0,"Junior Men",DNQ,0,,,,,,,,,,,,,,,,,,,,,,,,,,,,,,
"Eliel Maukonen",,,"Junior Men",12000,,"Junior Men",DNQ,0,"Junior Men",DNQ,0,"Junior Men",DNQ,0,,,,,,,,,,,,,,,,,,,,,,,,,,,
"Elise Empey",,"Synergy 37","Elite Women",52000,,"Elite Women",DNQ,0,"Elite Women",DNS,0,"Elite Women",N/A,0,"Elite Women",DNQ,0,,,,,,,,,,,,,,,,,,,,,,,,
"Ella Svegby",,,"Junior Women",39000,,"Junior Women",4,40,"Junior Women",4,40,,,,,,,,,,,,,,,,,,,,,,,,,,,,,,
"Elliot Lees",,"K Bike","Elite Men",15000,,"Elite Men",DNQ,0,"Elite Men",DNQ,0,,,,,,,,,,,,,,,,,,,,,,,,,,,,,,
"Emma Iten",,,"Elite Women",45000,,"Elite Women",DNQ,0,"Elite Women",DNS,0,"Elite Women",DNQ,0,,,,"Junior Women",5,35,"Junior Women",10,5,,,,"Junior Women",6,30,"Junior Women",4,40,,,,"Junior Women",6,30,"Junior Women",6,30
"Emmy Lan",,,"Elite Women",37000,,"Elite Women",N/A,0,"Elite Women",DNS,0,"Elite Women",DNQ,0,,,,,,,,,,,,,,,,,,,,,,,,,,,
"Emy Grandouiller",,,"Junior Women",12000,,"Junior Women",DNQ,0,"Junior Women",DNQ,0,,,,"Junior Women",DNQ,0,,,,,,,"Junior Women",9,10,"Junior Women",10,5,,,,,,,,,,,,
"Erice Van Leuven",,"Commencal Les Orres","Junior Women",52000,,"Junior Women",3,45,"Junior Women",1,60,"Junior Women",2,50,"Junior Women",5,35,"Junior Women",10,5,"Junior Women",1,60,,,,"Junior Women",2,50,"Junior Women",1,60,"Junior Women",2,50,"Junior Women",DNF,0,"Junior Women",1,60
"Erik Irmisch",,"YT Mob","Elite Men",30000,,"Elite Men",DNS,0,"Elite Men",DNS,0,"Elite Men",DNS,0,"Elite Men",DNQ,0,,,,,,,,,,,,,,,,,,,,,,,,
"Etan Bravard",,"Outlaw United","Junior Men",6000,,,,,,,,,,,,,,,,,,,,,,,,,,,,,,,,,,,,,
"Ethan Craik",,"Scott Downhill Factory","Elite Men",79000,,"Elite Men",DNF,0,"Elite Men",N/A,0,"Elite Men",11,71,"Elite Men",N/A,0,"Elite Men",2,210,"Elite Men",8,95,,,,"Elite Men",8,95,"Elite Men",6,125,,,,,,,,,
"Evan Medcalf",,"Evolve Racing","Elite Men",35000,,"Elite Men",DNQ,0,"Elite Men",DNQ,0,"Elite Men",DNQ,0,"Elite Men",DNQ,0,,,,"Junior Men",2,50,"Junior Men",3,45,,,,"Junior Men",4,40,,,,,,,,,
"Felipe Ignacio Agurto Galleguillos",,,"Elite Men",10000,,"Elite Men",DNQ,0,"Elite Men",DNQ,0,,,,,,,,,,,,,,,,,,,,,,,,,,,,,,
"Felix Bauer",,,"Elite Men",10000,,,,,"Elite Men",DNQ,0,,,,,,,,,,,,,,,,,,,,,,,,,,,,,,
"Fernanda Gildemeister Menzel",,,"Elite Women",20000,Out,"Elite Women",DNQ,0,,,,,,,,,,,,,,,,,,,,,,,,,,,,,,,,,
"Fernando Juan Munoz",,"Pureriding BP Racing","Elite Men",67000,,"Elite Men",DNS,0,"Elite Men",DNQ,0,"Elite Men",DNQ,0,"Elite Men",DNQ,0,,,,,,,"Elite Men",13,65,,,,,,,,,,,,,,,
"Finn Iles",,"Specialized Gravity","Elite Men",233000,,"Elite Men",3,180,"Elite Men",2,210,"Elite Men",12,68,"Elite Men",3,180,,,,"Elite Men",10,75,"Elite Men",9,80,,,,"Elite Men",3,180,"Elite Men",2,210,"Elite Men",4,160,"Elite Men",5,140
"Fourie Van Wyk",,,"Junior Men",6000,,,,,,,,,,,,,,,,,,,,,,,,,,,,,,,,,,,,,
"Fred Lariviere",,"Outlaw United","Junior Men",6000,,,,,,,,,,,,,,,,,,,,,,,,,,,,,,,,,,,,,
"Frida Helena Ronning",,"Union - Forged by Steel City Media","Elite Women",40000,,"Elite Women",DNQ,0,"Elite Women",DNQ,0,"Elite Women",DNQ,0,"Elite Women",N/A,0,,,,,,,,,,,,,,,,,,,,,,,,
"Fynn Brands",,,"Junior Men",6000,,,,,,,,,,,,,,,,,,,,,,,,,,,,,,,,,,,,,
"Gabriel Kvalseth",,,"Elite Men",10000,,,,,,,,,,,,,,,,,,,,,,,,,,,,,,,,,,,,,
"Gabriel Neron",,,"Elite Men",31000,,"Elite Men",DNQ,0,"Elite Men",DNQ,0,"Elite Men",DNQ,0,"Elite Men",DNQ,0,,,,,,,,,,,,,,,,,,,,,,,,
"Gaetan Vige",,"Propain Positive","Elite Men",34000,Out,,,,"Elite Men",DNS,0,"Elite Men",N/A,0,"Elite Men",DNQ,0,"Elite Men",5,140,,,,,,,,,,,,,,,,,,,,,
"Gavin Tomlinson",,,"Junior Men",20000,,"Junior Men",23,3,"Junior Men",18,8,"Junior Men",18,8,"Junior Men",15,12,,,,,,,,,,,,,,,,,,,,,,,,
"George Brannigan",,"Kenda NS Bikes UR Team","Elite Men",32000,,"Elite Men",DNQ,0,"Elite Men",DNQ,0,"Elite Men",DNQ,0,"Elite Men",N/A,0,,,,,,,,,,,,,,,,,,,,,,,,
"George Madley",,"Madison Saracen Factory Team","Junior Men",20000,,"Junior Men",25,1,"Junior Men",DNQ,0,"Junior Men",12,18,"Junior Men",6,30,,,,,,,,,,,,,,,,,,,,,,,,
"Georgia Henness",,"Synergy 37","Junior Women",15000,,"Junior Women",DNQ,0,"Junior Women",DNQ,0,"Junior Women",DNQ,0,"Junior Women",DNQ,0,,,,,,,,,,,,,,,,,,,,,,,,
"Giles Button",,"Raw Fusion Racing","Junior Men",11000,,"Junior Men",DNQ,0,"Junior Men",DNQ,0,,,,,,,,,,,,,,,,,,,,,,,,,,,,,,
"Gloria Scarsi",,"Canyon Cllctv Factory Team","Elite Women",123000,,"Elite Women",N/A,N/A,"Elite Women",N/A,0,"Elite Women",7,80,"Elite Women",5,120,,,,"Elite Women",5,120,"Elite Women",5,120,,,,,,,,,,,,,,,
"Goncalo Bandeira",,"Scott Downhill Factory","Elite Men",36000,,"Elite Men",N/A,0,"Elite Men",N/A,0,"Elite Men",DNQ,0,"Elite Men",N/A,0,,,,,,,,,,,,,,,,,,,,,,,,
"Greg Minnaar",,"Norco Factory Racing","Elite Men",79000,,"Elite Men",25,40,"Elite Men",N/A,0,"Elite Men",DNQ,0,"Elite Men",29,32,,,,"Elite Men",16,58,"Elite Men",7,110,"Elite Men",12,68,"Elite Men",2,210,,,,,,,,,
"Greg Williamson",,"Madison Saracen Factory Team","Elite Men",59000,,"Elite Men",15,60,"Elite Men",22,46,"Elite Men",7,110,"Elite Men",7,110,,,,,,,,,,,,,,,,,,,,,,,,
"Guillermo Tovar Gallego",,,"Junior Men",15000,,"Junior Men",DNQ,0,"Junior Men",DNQ,0,"Junior Men",DNQ,0,"Junior Men",DNQ,0,,,,,,,,,,,,,,,,,,,,,,,,
"Hadley Coppard",,,"Junior Men",6000,,,,,,,,,,,"Junior Men",DNQ,0,,,,,,,,,,,,,,,,,,,,,,,,
"Harry Molloy",,"Continental GT Factory Racing","Elite Men",32000,,"Elite Men",DNQ,0,"Elite Men",DNQ,0,"Elite Men",N/A,0,"Elite Men",DNQ,0,,,,,,,,,,,,,,,,,,,,,,,,
"Hayden Stead",,,"Elite Men",27000,Out,"Elite Men",DNQ,0,"Elite Men",DNQ,0,"Elite Men",DNQ,0,,,,,,,,,,,,,,,,,,,,,,,,,,,
"Heather Wilson",,"Muc-Off Young Guns","Junior Women",44000,,"Junior Women",DNS,0,"Junior Women",3,45,"Junior Women",1,60,"Junior Women",1,60,,,,,,,,,,,,,,,,,,,,,,,,
"Henre Myburgh",,,"Junior Men",6000,,,,,,,,,,,,,,,,,,,,,,,,,,,,,,,,,,,,,
"Henry Kerr",,"Canyon CLLCTV Pirelli","Elite Men",29000,,"Elite Men",N/A,0,"Elite Men",DNQ,0,"Elite Men",32,30,"Elite Men",27,36,,,,,,,,,,,,,,,,,,,,,,,,
"Hudson Tarling",,"Raw Fusion Racing","Junior Men",9000,,"Junior Men",DNQ,0,"Junior Men",DNQ,0,,,,,,,,,,,,,,,,,,,,,,,,,,,,,,
"Hugo Gouin",,,"Junior Men",15000,,"Junior Men",DNQ,0,,,,"Junior Men",DNQ,0,"Junior Men",DNQ,0,,,,,,,,,,,,,,,,,,,,,,,,
"Hugo Marini",,"Scott Downhill Factory","Elite Men",32000,,"Elite Men",DNQ,0,"Elite Men",DNQ,0,"Elite Men",DNQ,0,"Elite Men",N/A,0,"Junior Men",10,22,,,,,,,"Junior Men",5,40,"Junior Men",6,30,,,,,,,"Junior Men",3,45
"Ian Guionnet",,,"Elite Men",28000,,"Elite Men",DNQ,0,"Elite Men",DSQ,0,"Elite Men",DNQ,0,,,,,,,,,,,,,,,,,,,,,,,,,,,
"Ignacio Garcia",,"Muc-Off Young Guns","Junior Men",15000,,"Junior Men",DNQ,0,"Junior Men",DNQ,0,"Junior Men",DNQ,0,"Junior Men",DNS,0,,,,,,,,,,,,,,,,,,,,,,,,
"Isaac Batty",,,"Junior Men",7000,,"Junior Men",DNQ,0,,,,,,,"Junior Men",DNQ,0,,,,,,,,,,,,,,,,,,,,,,,,
"Jack Macleod",,"Outlaw United","Junior Men",15000,,"Junior Men",15,12,"Junior Men",DNQ,0,"Junior Men",DNQ,0,"Junior Men",DNQ,0,,,,,,,,,,,,,,,,,,,,,,,,
"Jack Piercy",,"Commencal Les Orres","Elite Men",29000,,"Elite Men",DNQ,0,"Elite Men",DNQ,0,"Elite Men",N/A,0,"Elite Men",DNQ,0,,,,,,,,,,"Elite Men",18,54,,,,,,,,,,,,
"Jack Zenoni",,,"Junior Men",9000,,"Junior Men",DNQ,0,"Junior Men",DNQ,0,,,,,,,,,,,,,,,,,,,,,,,,,,,,,,
"Jackson Connelly",,"Team High Country","Elite Men",33000,,"Elite Men",DNQ,0,"Elite Men",N/A,0,"Elite Men",DNQ,0,"Elite Men",DNQ,0,,,,,,,,,,,,,,,,,,,,,,,,
"Jacob Dickson",,"MS Intense Racing","Elite Men",32000,,"Elite Men",N/A,0,"Elite Men",N/A,0,"Elite Men",N/A,0,"Elite Men",N/A,0,"Elite Men",20,50,,,,,,,,,,,,,,,,,,,,,
"Jake Polito",,"Outlaw United","Junior Men",15000,,"Junior Men",DNQ,0,"Junior Men",DNS,0,"Junior Men",DNQ,0,"Junior Men",DNQ,0,,,,,,,,,,,,,,,,,,,,,,,,
"Jakob Jewett",,"Pivot Factory Racing","Elite Men",59000,,"Elite Men",13,65,"Elite Men",23,44,"Elite Men",17,56,"Elite Men",DNQ,0,,,,"Elite Men",12,68,,,,,,,,,,,,,,,,,,
"James Macdermid",,"The Alliance","Elite Men",30000,,"Elite Men",DNQ,0,"Elite Men",DNQ,0,"Elite Men",DNQ,0,"Elite Men",DNQ,0,,,,,,,,,,,,,,,,,,,,,,,,
"Jamie Edmondson",,"BNC Racing","Elite Men",31000,,"Elite Men",DNQ,0,"Elite Men",N/A,0,"Elite Men",DNQ,0,"Elite Men",N/A,0,,,,,,,,,,,,,,,,,,,,,,,,
"Janis Lehmann",,"Backyard Racing Factory Team","Elite Men",26000,,"Elite Men",DNQ,0,"Elite Men",DNQ,0,"Elite Men",DNQ,0,,,,,,,,,,,,,,,,,,,,,,,,,,,
"Jasmine Forgue",,,"Junior Women",10000,,,,,,,,,,,,,,,,,,,,,,,,,,,,,,,,,,,,,
"Jed Stanton",,"Raw Fusion Racing","Elite Men",13000,,"Elite Men",DNQ,0,"Elite Men",DNQ,0,,,,,,,,,,,,,,,,,,,,,,,,,,,,,,
"Jenna Hastings",,"Pivot Factory Racing","Elite Women",38000,,"Elite Women",DNQ,0,"Elite Women",DNQ,0,"Elite Women",DNQ,0,,,,"Elite Women",6,90,,,,,,,"Elite Women",10,50,,,,,,,,,,,,
"Jess Blewitt",,"Cube Factory Racing","Elite Women",170000,,"Elite Women",DNS,0,"Elite Women",10,50,"Elite Women",4,150,"Elite Women",DNQ,0,,,,,,,,,,,,,,,,"Elite Women",3,180,"Elite Women",9,60,,,
"Jesse Schulte",,,"Elite Men",10000,,,,,,,,,,,"Elite Men",DNQ,0,,,,,,,,,,,,,,,,,,,,,,,,
"Jobe Gentle",,"Team High Country","Elite Men",30000,,"Elite Men",DNQ,0,"Elite Men",DNQ,0,"Elite Men",DNQ,0,"Elite Men",DNQ,0,,,,,,,,,,,,,,,,,,,,,,,,
"Joe Breeden",,"Intense Factory Racing","Elite Men",39000,,"Elite Men",23,44,"Elite Men",20,50,"Elite Men",DNQ,0,"Elite Men",N/A,0,,,,,,,,,,,,,,,,,,,,,,,,
"Joe Millington",,,"Junior Men",9000,,"Junior Men",DNS,0,,,,,,,,,,,,,,,,,,,,,,,,,,,,,,,,,
"Johan Garcin",,,"Elite Men",36000,,"Elite Men",DNQ,0,"Elite Men",DNQ,0,"Elite Men",N/A,0,"Elite Men",DNQ,0,,,,,,,,,,,,,,,,,,,,,,,,
"Jolanda Kiener",,,"Elite Women",50000,Out,,,,"Elite Women",DNQ,0,"Elite Women",DNQ,0,"Elite Women",DNQ,0,,,,,,,,,,,,,,,,,,,,,,,,
"Jon Mozell",,"We Are One Momentum Project","Junior Men",40000,,"Junior Men",4,40,"Junior Men",12,18,"Junior Men",DNQ,0,"Junior Men",13,16,,,,,,,"Junior Men",2,50,,,,,,,,,,,,,,,
"Joonas Jussila",,,"Junior Men",12000,,,,,,,,"Junior Men",DNQ,0,,,,,,,,,,,,,,,,,,,,,,,,,,,
"Jordan Williams",,"Specialized Gravity","Elite Men",70000,Out,"Elite Men",DNS,0,"Elite Men",17,56,"Elite Men",16,58,"Elite Men",12,68,,,,"Elite Men",6,125,,,,"Elite Men",17,56,,,,,,,"Elite Men",13,65,"Elite Men",1,250
"Jorge Lorenzo Guarello Alonso",,,"Elite Men",10000,,,,,,,,,,,,,,,,,,,,,,,,,,,,,,,,,,,,,
"Josh Turner",,,"Elite Men",10000,,,,,,,,,,,"Elite Men",DNQ,0,,,,,,,,,,,,,,,,,,,,,,,,
"Joshua West",,,"Junior Men",6000,,,,,,,,,,,,,,,,,,,,,,,,,,,,,,,,,,,,,
"Juan Antonio Martinez Revolorio",,,"Elite Men",11000,,"Elite Men",DNQ,0,"Elite Men",DNQ,0,,,,,,,,,,,,,,,,,,,,,,,,,,,,,,
"Jules Delhoume",,,"Junior Men",6000,,,,,,,,,,,,,,,,,,,,,,,,,,,,,,,,,,,,,
"Julian Steiner",,,"Elite Men",30000,,"Elite Men",DNQ,0,"Elite Men",DNQ,0,"Elite Men",DNQ,0,"Elite Men",DNQ,0,,,,,,,,,,,,,,,,,,,,,,,,
"Julie Duvert",,,"Elite Women",20000,,,,,,,,,,,,,,,,,,,,,,,,,,,,,,,,,,,,,
"Julien Markewitz",,"Outlaw United","Elite Men",10000,,"Elite Men",DNQ,0,"Elite Men",DNQ,0,,,,,,,,,,,,,,,,,,,,,,,,,,,,,,
"Junior Paroz",,,"Elite Men",10000,,"Elite Men",DNQ,0,"Elite Men",DNQ,0,,,,,,,,,,,,,,,,,,,,,,,,,,,,,,
"Justine Henry",,,"Elite Women",20000,,,,,,,,,,,,,,,,,,,,,,,,,,,,,,,,,,,,,
"Kacper Sidlo",,,"Junior Men",15000,,"Junior Men",DNS,0,"Junior Men",DNQ,0,"Junior Men",DNQ,0,"Junior Men",DNQ,0,,,,,,,,,,,,,,,,,,,,,,,,
"Kael Foale",,"Raw Fusion Racing","Elite Men",28000,,"Elite Men",DNQ,0,"Elite Men",DNQ,0,"Elite Men",DNQ,0,,,,,,,,,,"Junior Men",6,30,,,,,,,,,,,,,,,
"Kalani Muirhead",,,"Elite Women",29000,,"Elite Women",DNQ,0,"Elite Women",DNQ,0,"Elite Women",DNQ,0,,,,,,,,,,,,,,,,,,,,,,,,,,,
"Kale Cushman",,"The Gravity Collective","Junior Women",26000,,"Junior Women",5,35,"Junior Women",8,15,"Junior Women",5,35,"Junior Women",8,15,"Junior Women",6,30,"Junior Women",5,35,,,,,,,,,,,,,,,,,,
"Kei Nakai",,,"Elite Men",10000,,,,,,,,,,,,,,,,,,,,,,,,,,,,,,,,,,,,,
"Kelian Vanreusel",,,"Elite Men",10000,,,,,,,,,,,,,,,,,,,,,,,,,,,,,,,,,,,,,
"Kilian Schnoeller",,,"Elite Men",10000,,"Elite Men",DNQ,0,,,,,,,"Elite Men",DNQ,0,,,,,,,,,,,,,,,,,,,,,,,,
"Kimi Viardot",,"K Bike","Elite Men",29000,,"Elite Men",DNQ,0,"Elite Men",DNQ,0,"Elite Men",DNQ,0,"Elite Men",DNQ,0,"Junior Men",3,45,,,,"Junior Men",5,35,,,,,,,"Junior Men",6,30,,,,"Junior Men",6,30
"Kira Zamora Novales",,,"Elite Women",20000,Out,,,,,,,,,,,,,,,,,,,,,,,,,,,,,,,,,,,,
"Kirk McDowall",,,"Elite Men",30000,,"Elite Men",DNQ,0,"Elite Men",N/A,0,"Elite Men",DNQ,0,"Elite Men",DNQ,0,,,,,,,,,,,,,,,,,,,,,,,,
"Kye A'Hern",,"Kenda NS Bikes UR Team","Elite Men",40000,,"Elite Men",N/A,0,"Elite Men",25,40,"Elite Men",DNQ,0,"Elite Men",19,52,,,,,,,"Elite Men",20,50,"Elite Men",20,50,,,,,,,,,,,,
"Lachlan Stevens-Mcnab",,"Union - Forged by Steel City Media","Elite Men",115000,,"Elite Men",N/A,0,"Elite Men",3,180,"Elite Men",33,30,"Elite Men",N/A,0,,,,,,,,,,,,,,,,,,,,,,,,
"Lance Murray",,,"Junior Men",6000,,,,,,,,,,,,,,,,,,,,,,,,,,,,,,,,,,,,,
"Laurie Greenland",,"Santa Cruz Syndicate","Elite Men",56000,,"Elite Men",DNQ,0,"Elite Men",DNQ,0,"Elite Men",25,40,"Elite Men",N/A,0,,,,,,,,,,"Elite Men",3,180,"Elite Men",12,68,,,,"Elite Men",9,80,"Elite Men",4,160
"Lennox Meschede",,,"Junior Men",8000,Out,,,,"Junior Men",DNQ,0,,,,,,,,,,,,,,,,,,,,,,,,,,,,,,
"Leo Abella",,"Commencal Les Orres","Elite Men",38000,,,,,"Elite Men",DNQ,0,"Elite Men",DNQ,0,"Elite Men",DNQ,0,,,,,,,"Junior Men",4,40,"Junior Men",6,30,"Junior Men",9,24,"Junior Men",5,35,"Junior Men",1,60,,,
"Leo Grisel",,,"Elite Men",12000,,"Elite Men",N/A,0,"Elite Men",N/A,0,,,,"Elite Men",DNS,0,,,,,,,,,,,,,,,,,,,,,,,,
"Leona Pierrini",,,"Elite Women",20000,,,,,,,,,,,,,,,,,,,,,,,,,,,,,,,,,,,,,
"Levio Staub",,,"Junior Men",6000,Out,,,,,,,,,,,,,,,,,,,,,,,,,,,,,,,,,,,,
"Lewis Carr",,"BNC Racing","Elite Men",33000,,"Elite Men",DNQ,0,"Elite Men",DNQ,0,"Elite Men",DNQ,0,"Elite Men",DNQ,0,,,,,,,,,,,,,,,,,,,,,,,,
"Lino Lehmann",,"Gamux Factory Racing","Elite Men",28000,,"Elite Men",DNQ,0,"Elite Men",N/A,0,"Elite Men",DNQ,0,"Elite Men",N/A,0,,,,,,,,,,,,,,,,,,,,,,,,
"Lino Neumann",,,"Junior Men",12000,,"Junior Men",DNQ,0,"Junior Men",DNQ,0,"Junior Men",DNQ,0,,,,,,,,,,,,,,,,,,,,,,,,,,,
"Lisa Baumann",,"Commencal Les Orres","Elite Women",80000,,"Elite Women",10,50,"Elite Women",4,150,"Elite Women",DNQ,0,"Elite Women",N/A,0,,,,,,,"Elite Women",9,60,"Elite Women",5,120,"Elite Women",10,50,"Elite Women",8,70,,,,,,
"Lisa Bouladou",,,"Elite Women",78000,,"Elite Women",11,50,"Elite Women",DNQ,0,"Elite Women",N/A,0,"Elite Women",DNQ,0,"Junior Women",3,45,"Junior Women",4,40,"Junior Women",4,40,"Junior Women",4,40,"Junior Women",3,45,"Junior Women",3,45,"Junior Women",1,60,"Junior Women",3,45
"Loic Bruni",,"Specialized Gravity","Elite Men",238000,,"Elite Men",5,140,"Elite Men",1,250,"Elite Men",2,210,"Elite Men",1,250,"Elite Men",3,180,,,,"Elite Men",5,140,"Elite Men",1,250,,,,"Elite Men",14,63,"Elite Men",2,210,"Elite Men",3,180
"Loic Martin",,,"Elite Men",30000,,"Elite Men",N/A,0,"Elite Men",DNQ,0,"Elite Men",DNQ,0,"Elite Men",DNQ,0,,,,,,,,,,,,,,,,,,,,,,,,
"Loris Michellod",,,"Elite Men",10000,,,,,,,,,,,,,,,,,,,,,,,,,,,,,,,,,,,,,
"Loris Revelli",,,"Elite Men",34000,,"Elite Men",DNQ,0,"Elite Men",28,34,"Elite Men",DNQ,0,"Elite Men",DNF,0,,,,,,,,,,,,,,,,,,,,,,,,
"Loris Schapper",,,"Junior Men",12000,,"Junior Men",DNQ,0,"Junior Men",DNQ,0,"Junior Men",DNQ,0,,,,,,,,,,,,,,,,,,,,,,,,,,,
"Loris Vergier",,"Trek Factory Racing Gravity","Elite Men",202000,,"Elite Men",18,54,"Elite Men",19,52,"Elite Men",3,180,"Elite Men",8,95,"Elite Men",10,75,"Elite Men",4,160,"Elite Men",3,180,"Elite Men",14,63,,,,"Elite Men",5,140,"Elite Men",7,110,"Elite Men",2,210
"Louis Jolidon",,,"Junior Men",6000,,,,,,,,,,,,,,,,,,,,,,,,,,,,,,,,,,,,,
"Louise Ferguson",,"Intense Factory Racing","Elite Women",68000,,"Elite Women",N/A,0,"Elite Women",9,60,"Elite Women",9,60,"Elite Women",N/A,0,,,,,,,,,,,,,"Elite Women",7,80,,,,,,,,,
"Luca Shaw",,"Canyon Cllctv Factory Team","Elite Men",150000,,"Elite Men",9,80,"Elite Men",7,110,"Elite Men",6,125,"Elite Men",5,140,"Elite Men",7,110,"Elite Men",18,54,"Elite Men",8,95,,,,"Elite Men",10,75,"Elite Men",13,65,"Elite Men",5,140,"Elite Men",11,71
"Luca Thurlow",,"Triple Five Racing","Elite Men",30000,,"Elite Men",DNQ,0,"Elite Men",DNQ,0,"Elite Men",DNQ,0,"Elite Men",DNQ,0,"Junior Men",4,40,"Junior Men",8,26,,,,,,,,,,,,,,,,,,
"Lucas Arrudi Mimbrera",,,"Junior Men",8000,,,,,"Junior Men",DNQ,0,,,,,,,,,,,,,,,,,,,,,,,,,,,,,,
"Lucas Daines",,,"Junior Men",9000,,,,,"Junior Men",DNQ,0,,,,,,,,,,,,,,,,,,,,,,,,,,,,,,
"Lucas Dedora",,"The Gravity Collective","Junior Men",22000,,"Junior Men",DNQ,0,"Junior Men",6,30,"Junior Men",9,24,"Junior Men",17,9,,,,,,,,,,,,,,,,,,,,,,,,
"Lucas Gorinas",,,"Junior Men",6000,,,,,,,,,,,,,,,,,,,,,,,,,,,,,,,,,,,,,
"Lucas Lagneau",,"Canyon CLLCTV Pirelli","Junior Men",21000,Out,"Junior Men",DNQ,0,"Junior Men",24,2,"Junior Men",DNQ,0,"Junior Men",12,18,,,,,,,,,,,,,,,,"Junior Men",4,40,,,,"Junior Men",10,22
"Luke Meier-Smith",,"Giant Factory Off-Road Team","Elite Men",44000,,"Elite Men",24,42,"Elite Men",DNQ,0,"Elite Men",27,36,"Elite Men",DSQ,0,,,,,,,,,,,,,"Elite Men",8,95,,,,,,,,,
"Luke Wayman",,"The Gravity Cartel-Rogue Racing","Junior Men",37000,,"Junior Men",5,35,"Junior Men",4,40,"Junior Men",6,30,"Junior Men",2,50,"Junior Men",9,24,"Junior Men",10,22,,,,,,,"Junior Men",10,22,,,,,,,,,
"Luke Williamson",,"Triple Five Racing","Elite Men",34000,,"Elite Men",N/A,0,"Elite Men",N/A,0,"Elite Men",DNQ,0,"Elite Men",N/A,0,,,,,,,,,,,,,,,,,,,,,,,,
"Mae Rogier",,,"Junior Men",16000,,"Junior Men",DNQ,0,"Junior Men",DNQ,0,"Junior Men",DNQ,0,"Junior Men",DNQ,0,,,,,,,,,,,,,,,,,,,,,,,,
"Malo Rochet",,"Goodman Santacruz","Junior Men",15000,,"Junior Men",DNQ,0,"Junior Men",DNQ,0,"Junior Men",DNQ,0,"Junior Men",DNQ,0,,,,,,,,,,,,,,,,,,,,,,,,
"Marco Lamaris",,"Propain Positive","Junior Men",19000,,"Junior Men",DNQ,0,"Junior Men",DNQ,0,"Junior Men",20,6,"Junior Men",DNQ,0,,,,,,,,,,,,,,,,,,,,,,,,
"Marine Cabirou",,"Scott Downhill Factory","Elite Women",230000,,"Elite Women",2,210,"Elite Women",5,120,"Elite Women",1,250,"Elite Women",6,90,"Elite Women",9,60,"Elite Women",1,250,"Elite Women",1,250,"Elite Women",3,180,"Elite Women",4,150,"Elite Women",4,150,"Elite Women",6,90,"Elite Women",5,120
"Marius Krahenbuhl",,,"Junior Men",15000,,,,,,,,"Junior Men",13,16,"Junior Men",DNQ,0,,,,,,,,,,,,,,,,,,,,,,,,
"Mark Wallace",,"We Are One Momentum Project","Elite Men",42000,,"Elite Men",DNF,0,"Elite Men",N/A,0,"Elite Men",N/A,0,"Elite Men",DNQ,0,,,,,,,"Elite Men",16,58,,,,"Elite Men",13,65,,,,,,,,,
"Marta Perxachs I Ayats",,,"Junior Women",10000,,,,,,,,,,,,,,,,,,,,,,,,,,,,,,,,,,,,,
"Mathieu Balizet",,,"Elite Men",10000,,,,,,,,,,,,,,,,,,,,,,,,,,,,,,,,,,,,,
"Mathilde Bernard",,,"Elite Women",30000,,"Elite Women",DNQ,0,"Elite Women",DNQ,0,"Elite Women",DNQ,0,,,,,,,,,,,,,,,,,,,,,,,,,,,
"Matilda Melton",,"Transition Factory Racing","Junior Women",34000,,"Junior Women",DNS,0,"Junior Women",6,30,"Junior Women",6,30,"Junior Women",4,40,,,,,,,,,,,,,,,,,,,,,,,,
"Matt Walker",,"Madison Saracen Factory Team","Elite Men",58000,,"Elite Men",29,32,"Elite Men",16,58,"Elite Men",N/A,0,"Elite Men",10,75,,,,"Elite Men",9,80,"Elite Men",17,56,,,,,,,"Elite Men",17,56,"Elite Men",12,68,,,
"Matteo Iniguez",,"Commencal ICStudio","Elite Men",53000,,"Elite Men",N/A,0,"Elite Men",N/A,0,"Elite Men",DNS,0,"Elite Men",DNQ,0,,,,,,,,,,,,,,,,"Elite Men",18,54,,,,,,
"Matthew Walker",,"Pivot Factory Racing","Elite Men",20000,,"Elite Men",DNQ,0,,,,,,,"Elite Men",DNQ,0,,,,,,,,,,,,,,,,,,,,,,,,
"Mattia Bianco",,"The Gravity Cartel-Rogue Racing","Junior Men",15000,,"Junior Men",DNQ,0,"Junior Men",DNQ,0,"Junior Men",DNQ,0,"Junior Men",DNQ,0,,,,,,,,,,,,,,,,,,,,,,,,
"Matyas Hromadka",,,"Elite Men",10000,,,,,,,,,,,,,,,,,,,,,,,,,,,,,,,,,,,,,
"Max Abrams",,,"Junior Men",7000,,"Junior Men",DNQ,0,,,,,,,,,,,,,,,,,,,,,,,,,,,,,,,,,
"Max Alran",,"Commencal/Muc-Off by Riding Addiction","Junior Men",54000,,"Junior Men",1,60,"Junior Men",1,60,"Junior Men",24,2,"Junior Men",4,40,,,,,,,,,,,,,,,,,,,,,,,,
"Max Becker",,,"Junior Men",8000,,,,,"Junior Men",DNQ,0,,,,,,,,,,,,,,,,,,,,,,,,,,,,,,
"Max Hartenstern",,"Cube Factory Racing","Elite Men",59000,,"Elite Men",DNS,0,"Elite Men",DNS,0,"Elite Men",19,52,"Elite Men",N/A,0,,,,"Elite Men",14,63,"Elite Men",14,63,"Elite Men",11,71,"Elite Men",19,52,,,,"Elite Men",15,60,,,
"Max Van Zyl",,,"Junior Men",6000,,,,,,,,,,,,,,,,,,,,,,,,,,,,,,,,,,,,,
"Maxima Jaax",,,"Junior Women",20000,Out,"Junior Women",8,15,"Junior Women",DNQ,0,"Junior Women",7,25,,,,,,,,,,,,,,,,,,,,,,,,,,,
"Michael Delesalle",,"Gwin Racing","Junior Men",18000,,,,,"Junior Men",DNQ,0,"Junior Men",DNQ,0,"Junior Men",21,5,,,,,,,,,,,,,,,,,,,,,,,,
"Mick Hannah",,"Yeti / FOX Factory Race Team","Elite Men",26000,,,,,,,,,,,"Elite Men",DNQ,0,,,,,,,,,,,,,,,,,,,,,,,,
"Mikayla Parton",,"BNC Racing","Elite Women",72000,,"Elite Women",DNQ,0,"Elite Women",DNQ,0,"Elite Women",N/A,0,"Elite Women",9,60,,,,,,,,,,,,,,,,,,,,,,,,
"Mike Huter",,"Gamux Factory Racing","Junior Men",39000,,"Junior Men",18,8,"Junior Men",3,45,"Junior Men",25,1,"Junior Men",7,28,,,,,,,"Junior Men",7,28,,,,,,,"Junior Men",7,28,"Junior Men",9,24,"Junior Men",9,24
"Mikolaj Gawronek",,,"Junior Men",15000,,"Junior Men",DNQ,0,"Junior Men",DNQ,0,"Junior Men",DNQ,0,"Junior Men",DNQ,0,,,,,,,,,,,,,,,,,,,,,,,,
"Mille Johnset",,"Canyon Cllctv Factory Team","Elite Women",92000,,"Elite Women",N/A,0,"Elite Women",7,80,"Elite Women",DNQ,0,"Elite Women",11,50,"Elite Women",8,70,"Elite Women",6,90,"Elite Women",4,150,"Elite Women",9,60,"Elite Women",6,90,,,,,,,,,
"Miran Vauh",,"Dorval AM Commencal","Elite Men",36000,,"Elite Men",DNS,0,"Elite Men",DNS,0,"Elite Men",DNS,0,"Elite Men",DNS,0,,,,,,,,,,,,,,,,,,,,,,,,
"Monika Hrastnik",,"Dorval AM Commencal","Elite Women",185000,,"Elite Women",3,180,"Elite Women",6,90,"Elite Women",N/A,0,"Elite Women",10,50,"Elite Women",4,150,"Elite Women",7,80,"Elite Women",2,210,"Elite Women",6,90,,,,"Elite Women",6,90,"Elite Women",4,150,"Elite Women",8,70
"Morgan Williams",,"BNC Racing","Junior Men",21000,,"Junior Men",DNQ,0,"Junior Men",DNQ,0,"Junior Men",14,14,"Junior Men",DNQ,0,,,,,,,,,,,,,,,,,,,,,,,,
"Mylann Falquet",,"Goodman Santacruz","Junior Men",48000,,"Junior Men",3,45,"Junior Men",5,35,"Junior Men",2,50,"Junior Men",24,2,"Junior Men",2,50,"Junior Men",3,45,"Junior Men",9,24,"Junior Men",8,26,"Junior Men",8,26,"Junior Men",10,22,,,,,,
"Myriam Nicole",,"Commencal/Muc-Off by Riding Addiction","Elite Women",210000,,"Elite Women",4,150,"Elite Women",3,180,"Elite Women",N/A,0,"Elite Women",DNQ,0,,,,,,,,,,,,,,,,,,,,,,,,
"Nathan Kitchen",,"The Gravity Collective","Elite Men",10000,,"Elite Men",DNS,0,"Elite Men",DNQ,0,,,,,,,,,,,,,,,,,,,,,,,,,,,,,,
"Nathan Pontvianne",,"Goodman Santacruz","Elite Men",40000,,"Elite Men",N/A,0,"Elite Men",DNQ,0,"Elite Men",30,30,"Elite Men",25,40,"Junior Men",1,60,"Junior Men",6,30,"Junior Men",10,22,"Junior Men",2,50,"Junior Men",3,45,,,,,,,,,
"Neko Mulally",,"Frameworks Racing","Elite Men",26000,,"Elite Men",DNQ,0,"Elite Men",DNQ,0,"Elite Men",DNQ,0,"Elite Men",N/A,0,,,,,,,,,,,,,,,,,,,,,,,,
"Nellie Aabech",,,"Junior Women",10000,,"Junior Women",DNQ,0,"Junior Women",DNS,0,,,,"Junior Women",9,10,,,,,,,,,,,,,,,,,,,,,,,,
"Niall Clerkin",,,"Elite Men",10000,,,,,,,,,,,,,,,,,,,,,,,,,,,,,,,,,,,,,
"Nico Lamm",,,"Elite Men",32000,,,,,"Elite Men",DNQ,0,"Elite Men",DNQ,0,"Elite Men",DNQ,0,,,,,,,,,,,,,,,,,,,,,,,,
"Nico Schlebes",,,"Elite Men",28000,,,,,"Elite Men",DNS,0,"Elite Men",DNQ,0,,,,,,,,,,,,,,,,,,,,,,,,,,,
"Nicolas Baechler",,,"Elite Men",10000,,,,,,,,,,,,,,,,,,,,,,,,,,,,,,,,,,,,,
"Nicolas Brochet",,,"Elite Men",10000,,,,,,,,,,,,,,,,,,,,,,,,,,,,,,,,,,,,,
"Nina Hoffmann",,"Santa Cruz Syndicate","Elite Women",195000,,"Elite Women",6,90,"Elite Women",11,50,"Elite Women",3,180,"Elite Women",2,210,"Elite Women",2,210,"Elite Women",2,210,"Elite Women",3,180,"Elite Women",2,210,"Elite Women",1,250,"Elite Women",5,120,"Elite Women",8,70,"Elite Women",3,180
"Nina-Yves Cameron",,,"Elite Women",30000,,"Elite Women",DNS,0,"Elite Women",DNQ,0,,,,,,,,,,,,,,,,,,,,,,,,,,,,,,
"Noa Hirst Walker",,,"Junior Men",22000,,"Junior Men",17,9,"Junior Men",DNS,0,"Junior Men",10,22,"Junior Men",10,22,,,,,,,,,,,,,,,,,,,,,,,,
"Noe Clerc",,,"Junior Men",6000,,,,,,,,,,,,,,,,,,,,,,,,,,,,,,,,,,,,,
"Noe Guichard",,,"Junior Men",8000,,,,,"Junior Men",DNQ,0,,,,,,,,,,,,,,,,,,,,,,,,,,,,,,
"Noel Niederberger",,"Backyard Racing Factory Team","Elite Men",30000,,,,,"Elite Men",DNQ,0,"Elite Men",DNQ,0,"Elite Men",DNQ,0,,,,,,,,,,,,,,,,,,,,,,,,
"Nuno Reis",,,"Elite Men",10000,,,,,,,,,,,"Elite Men",DNQ,0,,,,,,,,,,,,,,,,,,,,,,,,
"Oisin Oâ€™Callaghan",,"YT Mob","Elite Men",94000,,"Elite Men",7,110,"Elite Men",4,160,"Elite Men",10,75,"Elite Men",N/A,0,"Elite Men",12,68,"Elite Men",1,250,,,,,,,"Elite Men",9,80,,,,"Elite Men",17,56,,,
"Oli Clark",,"Unior-Sinter Factory Racing","Junior Men",29000,,"Junior Men",6,30,"Junior Men",DNQ,0,"Junior Men",DNQ,0,"Junior Men",8,26,,,,,,,,,,,,,,,,,,,,,,,,
"Oliver Jenkins",,,"Junior Men",6000,,,,,,,,,,,,,,,,,,,,,,,,,,,,,,,,,,,,,
"Oliver Nicholls",,,"Junior Men",12000,,"Junior Men",DNQ,0,"Junior Men",DNS,0,"Junior Men",DNQ,0,,,,,,,,,,,,,,,,,,,,,,,,,,,
"Oliver Zwar",,"Canyon Cllctv FMD","Elite Men",38000,,"Elite Men",N/A,0,"Elite Men",N/A,0,"Elite Men",DNQ,0,"Elite Men",N/A,0,,,,,,,,,,,,,,,,,,,,,,"Elite Men",19,52
"Ollie Davis",,"Santa Cruz Syndicate","Elite Men",61000,,"Elite Men",DNF,0,"Elite Men",27,36,"Elite Men",29,32,"Elite Men",DNQ,0,,,,,,,"Elite Men",15,60,"Elite Men",9,80,"Elite Men",11,71,,,,,,,,,
"Omri Danon",,"Commencal Les Orres","Junior Men",14000,Out,"Junior Men",DNQ,0,"Junior Men",DNQ,0,"Junior Men",DNQ,0,,,,,,,,,,,,,,,,,,,,,,,,,,,
"Onni Rainio",,"Seton Tuning","Elite Men",31000,,"Elite Men",DNQ,0,"Elite Men",DNQ,0,"Elite Men",DNQ,0,"Elite Men",N/A,0,,,,,,,,,,,,,,,,,,,,,,,,
"Oriol Cuadrat",,"Muc-Off Young Guns","Junior Men",15000,,"Junior Men",21,5,"Junior Men",DNQ,0,"Junior Men",DNQ,0,"Junior Men",DNQ,0,,,,,,,,,,,,,,,,,,,,,,,,
"Oriol Llaudo Crespo",,"Pureriding BP Racing","Junior Men",15000,,,,,,,,"Junior Men",DNQ,0,"Junior Men",DNQ,0,,,,,,,,,,,,,,,,,,,,,,,,
"Oscar Griffiths",,"Intense Factory Racing","Junior Men",17000,,"Junior Men",DNQ,0,"Junior Men",DSQ,0,"Junior Men",11,20,"Junior Men",DNQ,0,,,,,,,,,,,,,,,,,,,,,,,,
"Pascal Reusser",,,"Elite Men",10000,,,,,,,,,,,,,,,,,,,,,,,,,,,,,,,,,,,,,
"Pau Menoyo Busquets",,"Commencal / Schwalbe","Elite Men",37000,,"Elite Men",DNS,0,"Elite Men",DNS,0,"Elite Men",DNQ,0,"Elite Men",N/A,0,,,,,,,,,,,,,,,,,,,,,,,,
"Pedro Camara",,,"Junior Men",6000,,,,,,,,,,,,,,,,,,,,,,,,,,,,,,,,,,,,,
"Pedro Fernandes",,,"Elite Men",10000,,,,,,,,,,,,,,,,,,,,,,,,,,,,,,,,,,,,,
"Phil Atwill",,"Propain Positive","Elite Men",39000,,"Elite Men",DNQ,0,"Elite Men",DNQ,0,"Elite Men",DNQ,0,"Elite Men",DNQ,0,"Elite Men",14,63,,,,,,,,,,,,,,,,,,,"Elite Men",16,58
"Phoebe Gale",,"Canyon Cllctv FMD","Elite Women",87000,,"Elite Women",7,80,"Elite Women",N/A,0,"Elite Women",8,70,"Elite Women",7,80,"Elite Women",7,80,,,,,,,"Elite Women",4,150,"Elite Women",9,60,,,,"Elite Women",5,120,,,
"Pierre Ollier",,,"Junior Men",15000,,"Junior Men",DNS,0,"Junior Men",DNQ,0,"Junior Men",DNQ,0,"Junior Men",DNQ,0,,,,,,,,,,,,,,,,,,,,,,,,
"Pieter Venter",,,"Junior Men",6000,,,,,,,,,,,,,,,,,,,,,,,,,,,,,,,,,,,,,
"Preston Williams",,"The Alliance","Elite Men",30000,,"Elite Men",DNQ,0,"Elite Men",DNQ,0,"Elite Men",DNQ,0,"Elite Men",DNQ,0,,,,,,,,,,,,,,,,,,,,,,,,
"Quentin Jaud",,,"Junior Men",8000,,,,,"Junior Men",DNQ,0,,,,,,,,,,,,,,,,,,,,,,,,,,,,,,
"Quentin Nickles",,,"Junior Men",6000,,,,,,,,,,,,,,,,,,,,,,,,,,,,,,,,,,,,,
"Rafael Pelletier",,"Muc-Off Young Guns","Junior Men",26000,,"Junior Men",7,28,"Junior Men",8,26,"Junior Men",DNQ,0,"Junior Men",DNQ,0,,,,,,,,,,"Junior Men",5,35,,,,,,,"Junior Men",5,35,"Junior Men",8,26
"Rafael Sousa",,,"Elite Men",10000,,,,,,,,,,,"Elite Men",DNQ,0,,,,,,,,,,,,,,,,,,,,,,,,
"Raphael Giambi",,Gen-S,"Junior Men",30000,,"Junior Men",11,20,"Junior Men",7,28,"Junior Men",5,35,"Junior Men",DNQ,0,,,,,,,,,,,,,,,,,,,,,,,,
"Raphael Iniguez",,"Commencal ICStudio","Elite Men",33000,,"Elite Men",DNQ,0,"Elite Men",DNQ,0,"Elite Men",DNQ,0,"Elite Men",DNQ,0,,,,,,,,,,,,,,,,,,,,,,,,
"Rebecca Baraona",,,"Elite Women",40000,Out,"Elite Women",DNQ,0,,,,,,,"Elite Women",DNS,0,,,,,,,,,,,,,,,,,,,,,,,,
"Reece Wilson",,"Trek Factory Racing Gravity","Elite Men",109000,Out,"Elite Men",DNS,0,"Elite Men",26,38,"Elite Men",N/A,0,"Elite Men",16,58,,,,,,,,,,,,,,,,,,,,,,,,
"Remi Thirion",,"Giant Factory Off-Road Team","Elite Men",60000,,"Elite Men",20,50,"Elite Men",15,60,"Elite Men",18,54,"Elite Men",18,54,"Elite Men",16,58,"Elite Men",11,71,,,,"Elite Men",5,140,,,,"Elite Men",15,60,,,,,,
"Remy Meier-Smith",,"Giant Factory Off-Road Team","Elite Men",62000,,"Elite Men",DNQ,0,"Elite Men",30,30,"Elite Men",34,30,"Elite Men",17,56,,,,,,,,,,,,,,,,"Elite Men",10,75,"Elite Men",19,52,,,
"Rennie Falconer",,"Raw Fusion Racing","Junior Men",15000,,"Junior Men",DNQ,0,"Junior Men",DNQ,0,"Junior Men",DNQ,0,"Junior Men",DNQ,0,,,,,,,,,,,,,,,,,,,,,,,,
"Richie Rude",,"Yeti / FOX Factory Race Team","Elite Men",42000,,"Elite Men",22,46,,,,,,,,,,"Elite Men",17,56,,,,,,,,,,,,,,,,,,,,,
"Riko Maeuibo",,,"Junior Men",22000,,"Junior Men",DNQ,0,"Junior Men",16,10,"Junior Men",19,7,"Junior Men",DNQ,0,,,,,,,,,,,,,,,,,,,,,,,,
"Roee Ostfeld",,"Commencal ICStudio","Junior Men",19000,,"Junior Men",DNQ,0,"Junior Men",11,20,"Junior Men",DNQ,0,"Junior Men",DNQ,0,,,,,,,,,,,,,,,,,,,,,,,,
"Roger Vieira",,,"Elite Men",21000,,"Elite Men",N/A,0,"Elite Men",DNQ,0,,,,,,,,,,,,,,,,,,,,,,,,,,,,,,
"Ronan Dunne",,"Mondraker Factory Racing","Elite Men",209000,,"Elite Men",6,125,"Elite Men",12,68,"Elite Men",1,250,"Elite Men",11,71,,,,"Elite Men",2,210,,,,,,,,,,"Elite Men",11,71,"Elite Men",8,95,,,
"Rory Kirk",,,"Elite Men",30000,,"Elite Men",DNQ,0,"Elite Men",DNQ,0,"Elite Men",DNQ,0,"Elite Men",DNQ,0,,,,,,,,,,,,,,,,,,,,,,,,
"Rory Meek",,"Meekboyz Racing","Junior Men",17000,,"Junior Men",DNQ,0,"Junior Men",10,22,"Junior Men",17,9,"Junior Men",DNQ,0,,,,,,,,,,,,,,,,,,,,,,,,
"Ross Ennis",,,"Elite Men",30000,,"Elite Men",DNQ,0,"Elite Men",DNQ,0,"Elite Men",DNQ,0,"Elite Men",DNQ,0,,,,,,,,,,,,,,,,,,,,,,,,
"Ross Kew",,,"Elite Men",27000,,"Elite Men",DNQ,0,"Elite Men",DNQ,0,"Elite Men",DNQ,0,,,,,,,,,,,,,,,,,,,,,,,,,,,
"Rudi Eichhorn",,"Canyon Cllctv FMD","Junior Men",16000,,"Junior Men",20,6,"Junior Men",22,4,"Junior Men",22,4,"Junior Men",23,3,,,,,,,,,,,,,,,,,,,,,,,,
"Russell Tschanz",,,"Junior Men",11000,,,,,"Junior Men",DNQ,0,"Junior Men",DNQ,0,,,,,,,,,,,,,,,,,,,,,,,,,,,
"Ryan Griffith",,"Pivot Factory Racing","Junior Men",28000,,"Junior Men",8,26,"Junior Men",9,24,"Junior Men",8,26,"Junior Men",9,24,,,,"Junior Men",9,24,,,,,,,"Junior Men",7,28,,,,,,,,,
"Ryan Hastings",,,"Junior Men",15000,,"Junior Men",DNQ,0,"Junior Men",13,16,"Junior Men",DNQ,0,"Junior Men",DNQ,0,,,,,,,,,,,,,,,,,,,,,,,,
"Ryan Pinkerton",,"Mondraker Factory Racing","Elite Men",57000,,"Elite Men",26,38,"Elite Men",24,42,"Elite Men",N/A,0,"Elite Men",N/A,0,,,,"Junior Men",1,60,"Junior Men",1,60,"Junior Men",1,60,"Junior Men",1,60,"Junior Men",2,50,,,,"Junior Men",5,35
"Ryder Lawrence",,"Intense Factory Racing","Junior Men",27000,,"Junior Men",10,22,"Junior Men",DNQ,0,"Junior Men",DNQ,0,"Junior Men",11,20,,,,,,,,,,,,,,,,,,,,,,,,
"Rye Carlyon",,,"Junior Men",9000,,"Junior Men",DNQ,0,"Junior Men",DNQ,0,,,,"Junior Men",DNQ,0,,,,,,,,,,,,,,,,,,,,,,,,
"Ryker Kearl",,"Outlaw United","Elite Men",12000,,"Elite Men",DNQ,0,"Elite Men",DNQ,0,,,,,,,,,,,,,,,,,,,,,,,,,,,,,,
"Sabina Kosarkova",,,"Elite Women",30000,Out,,,,"Elite Women",DNQ,0,,,,,,,,,,,,,,,,,,,,,,,,,,,,,,
"Sacha Earnest",,"Trek Factory Racing Gravity","Junior Women",48000,,"Junior Women",2,50,"Junior Women",10,5,"Junior Women",3,45,"Junior Women",2,50,"Junior Women",2,50,"Junior Women",8,15,"Junior Women",5,35,"Junior Women",1,60,,,,"Junior Women",1,60,,,,,,
"Sacha Mills",,"Scott Downhill Factory","Junior Women",40000,,"Junior Women",DNQ,0,"Junior Women",5,35,"Junior Women",9,10,"Junior Women",6,30,,,,,,,"Junior Women",2,50,"Junior Women",7,25,"Junior Women",5,35,,,,,,,,,
"Sam Blenkinsop",,"Zerode Racing","Elite Men",39000,,"Elite Men",N/A,0,"Elite Men",DNQ,0,"Elite Men",N/A,0,"Elite Men",N/A,0,,,,,,,,,,,,,,,,,,,,,,,,
"Sam Conroy",,,"Elite Men",26000,,"Elite Men",DNQ,0,,,,"Elite Men",DNQ,0,,,,,,,,,,,,,,,,,,,,,,,,,,,
"Sam Gale",,,"Elite Men",19000,,"Elite Men",DNQ,0,"Elite Men",N/A,0,,,,,,,,,,,,,,,,,,,,,,,,,,,,,,
"Sam Hatfield",,,"Junior Men",15000,,"Junior Men",DNQ,0,"Junior Men",DNQ,0,"Junior Men",DNS,0,"Junior Men",DNQ,0,,,,,,,,,,,,,,,,,,,,,,,,
"Samu Kauppinen",,,"Elite Men",28000,,"Elite Men",DNS,0,"Elite Men",DNQ,0,"Elite Men",DNQ,0,,,,,,,,,,,,,,,,,,,,,,,,,,,
"Samuel Zbinden",,"Dorval AM Commencal","Elite Men",35000,,"Elite Men",DNS,0,"Elite Men",DNS,0,"Elite Men",DNQ,0,"Elite Men",DNQ,0,,,,,,,,,,,,,,,,,,,,,,,,
"Sebastian Magdalena Rivera",,,"Junior Men",8000,,"Junior Men",DNQ,0,"Junior Men",DNQ,0,,,,,,,,,,,,,,,,,,,,,,,,,,,,,,
"Sebastien Holguin Villa",,"Pureriding BP Racing","Elite Men",31000,,"Elite Men",28,34,"Elite Men",DNQ,0,"Elite Men",N/A,0,"Elite Men",DNQ,0,,,,,,,,,,,,,,,,,,,,,,,,
"Seth Stylie",,"The Alliance","Junior Men",10000,,"Junior Men",19,7,"Junior Men",DNQ,0,,,,,,,,,,,,,,,,,,,,,,,,,,,,,,
"Sian A'hern",,"YT Mob","Elite Women",50000,,"Elite Women",DNQ,0,"Elite Women",N/A,0,"Elite Women",DNQ,0,"Elite Women",N/A,0,,,,"Elite Women",9,60,,,,,,,,,,"Elite Women",10,50,,,,,,
"Siel Van Der Velden",,"Commencal ICStudio","Elite Women",51000,,"Elite Women",DNQ,0,"Elite Women",DNQ,0,"Elite Women",DNQ,0,"Elite Women",DNQ,0,,,,,,,,,,,,,,,,,,,,,,,,
"Simen Smestad",,,"Elite Men",30000,,"Elite Men",N/A,0,"Elite Men",N/A,0,"Elite Men",DNQ,0,"Elite Men",DNQ,0,,,,,,,,,,,,,,,,,,,,,,,,
"Simon Chapelet",,"Cube Factory Racing","Elite Men",47000,,"Elite Men",21,48,"Elite Men",N/A,0,"Elite Men",DNQ,0,"Elite Men",28,34,,,,,,,,,,,,,,,,"Elite Men",19,52,,,,,,
"Simon Maurer",,,"Elite Men",28000,Out,"Elite Men",DNQ,0,"Elite Men",DNQ,0,"Elite Men",N/A,0,,,,,,,,,,,,,,,,,,,,,,,,,,,
"Sixten Lind",,,"Junior Men",15000,,"Junior Men",DNQ,0,"Junior Men",DNQ,0,"Junior Men",DNQ,0,"Junior Men",DNQ,0,,,,,,,,,,,,,,,,,,,,,,,,
"Socratis Zotos",,"Propain Positive","Elite Men",18000,Out,"Elite Men",DNQ,0,,,,,,,,,,,,,,,,,,,,,,,,,,,,,,,,,
"Soline Besson",,,"Junior Women",15000,,"Junior Women",DNQ,0,"Junior Women",DNQ,0,"Junior Women",DNQ,0,,,,,,,,,,,,,,,,,,,,,,,,,"Junior Women",10,5
"Sorley Swabey",,"BNC Racing","Junior Men",13000,,"Junior Men",DNQ,0,"Junior Men",DNQ,0,,,,"Junior Men",DNQ,0,,,,,,,,,,,,,,,,,,,,,,,,
"Stacey Fisher",,,"Elite Women",20000,,,,,,,,,,,"Elite Women",DNQ,0,,,,,,,,,,,,,,,,,,,,,,,,
"Stefan Garlicki",,,"Elite Men",19000,,,,,"Elite Men",DNS,0,,,,,,,,,,,,,,,,,,,,,,,,,,,,,,
"Stefano Introzzi",,,"Elite Men",30000,,"Elite Men",19,52,"Elite Men",DNQ,0,"Elite Men",N/A,0,"Elite Men",DNQ,0,,,,,,,,,,,,,,,,,,,,,,,,
"Tahnee Seagrave",,"Canyon Cllctv FMD","Elite Women",224000,,"Elite Women",1,250,"Elite Women",12,50,"Elite Women",5,120,"Elite Women",3,180,"Elite Women",10,50,"Elite Women",4,150,"Elite Women",7,80,"Elite Women",7,80,"Elite Women",3,180,,,,,,,"Elite Women",7,80
"Taylor Ostgaard",,,"Elite Women",60000,,"Elite Women",DNS,0,"Elite Women",DNQ,0,"Elite Women",DNQ,0,"Elite Women",DNQ,0,,,,"Junior Women",2,50,"Junior Women",6,30,"Junior Women",8,15,"Junior Women",9,10,"Junior Women",6,30,"Junior Women",8,15,"Junior Women",9,10
"Taylor Vernon",,"Zerode Racing","Elite Men",39000,,"Elite Men",N/A,0,"Elite Men",N/A,0,"Elite Men",DNQ,0,"Elite Men",N/A,0,,,,,,,,,,,,,,,,,,,,,,,,
"Teagan Heap",,"Pivot Factory Racing","Junior Women",19000,,"Junior Women",7,25,"Junior Women",DNQ,0,"Junior Women",DNF,0,,,,,,,,,,,,,,,,,,,,,,,,,,,
"Tegan Cruz",,"Kenda NS Bikes UR Team","Elite Men",33000,,"Elite Men",N/A,0,"Elite Men",DNQ,0,"Elite Men",N/A,0,"Elite Men",DNQ,0,,,,,,,,,,,,,,,,,,,,,,,,
"Tetsuma Haguchi",,,"Elite Men",10000,,"Elite Men",DNQ,0,"Elite Men",DNQ,0,,,,,,,,,,,,,,,,,,,,,,,,,,,,,,
"Theo Erlangsen",,,"Elite Men",38000,,"Elite Men",DNQ,0,,,,"Elite Men",N/A,0,,,,,,,,,,,,,,,,,,,,,,,,,,,
"Thibault Laly",,"Goodman Santacruz","Elite Men",34000,,"Elite Men",N/A,0,"Elite Men",DNQ,0,"Elite Men",N/A,0,"Elite Men",N/A,0,,,,,,,,,,,,,,,,,,,,,,,,
"Thibaut Daprela",,"Canyon Cllctv Factory Team","Elite Men",129000,,"Elite Men",12,68,"Elite Men",10,75,"Elite Men",14,63,"Elite Men",N/A,0,,,,,,,,,,,,,"Elite Men",1,250,"Elite Men",3,180,"Elite Men",6,125,"Elite Men",15,60
"Thomas Estaque",,"Commencal ICStudio","Elite Men",66000,,"Elite Men",DNF,0,"Elite Men",N/A,0,"Elite Men",N/A,0,"Elite Men",N/A,0,,,,,,,"Elite Men",10,75,,,,,,,"Elite Men",16,58,,,,,,
"Tiago Patrocinio",,,"Junior Men",6000,,,,,,,,,,,,,,,,,,,,,,,,,,,,,,,,,,,,,
"Till Alran",,"Commencal/Muc-Off by Riding Addiction","Junior Men",22000,,"Junior Men",16,10,"Junior Men",20,6,"Junior Men",4,40,"Junior Men",14,14,,,,,,,,,,,,,,,,,,,,,,,,
"Tobias Debin",,,"Junior Men",8000,Out,,,,"Junior Men",DNS,0,,,,,,,,,,,,,,,,,,,,,,,,,,,,,,
"Toby Meek",,"Meekboyz Racing","Elite Men",30000,,"Elite Men",30,30,"Elite Men",N/A,0,"Elite Men",N/A,0,"Elite Men",DNQ,0,,,,,,,,,,,,,,,,,,,,,,,,
"Tomas Barreiros",,,"Elite Men",10000,,,,,,,,,,,,,,,,,,,,,,,,,,,,,,,,,,,,,
"Tomas Bilek-Deville",,,"Junior Men",7000,,"Junior Men",DNS,0,,,,,,,,,,,,,,,,,,,,,,,,,,,,,,,,,
"Tomasso Campana",,,"Elite Men",28000,,,,,,,,"Elite Men",DNQ,0,,,,,,,,,,,,,,,,,,,,,,,,,,,
"Ton Rusinol",,"Pureriding BP Racing","Junior Men",10000,,,,,,,,,,,"Junior Men",DNS,0,,,,,,,,,,,,,,,,,,,,,,,,
"Tristan Botteram",,,"Elite Men",10000,,"Elite Men",DNQ,0,,,,,,,,,,,,,,,,,,,,,,,,,,,,,,,,,
"Tristan Lemire",,"Evolve Racing","Elite Men",17000,,"Elite Men",DNQ,0,"Elite Men",DNQ,0,,,,,,,,,,,,,,,,,,,,,,,,,,,,,,
"Troy Brosnan",,"Canyon Cllctv Factory Team","Elite Men",179000,,"Elite Men",4,160,"Elite Men",9,80,"Elite Men",13,65,"Elite Men",2,210,"Elite Men",9,80,"Elite Men",13,65,"Elite Men",6,125,"Elite Men",19,52,"Elite Men",15,60,"Elite Men",4,160,"Elite Men",11,71,"Elite Men",7,110
"Tsubasa Hara",,,"Junior Women",10000,,,,,,,,,,,,,,,,,,,,,,,,,,,,,,,,,,,,,
"Tuhoto-Ariki Pene",,"MS Intense Racing","Elite Men",38000,,,,,"Elite Men",DNQ,0,"Elite Men",DNQ,0,"Elite Men",N/A,0,"Elite Men",19,52,,,,"Elite Men",19,52,,,,"Elite Men",14,63,,,,,,,"Elite Men",17,56
"Tyler Ervin",,,"Elite Men",31000,,"Elite Men",DNQ,0,"Elite Men",N/A,0,"Elite Men",DNQ,0,"Elite Men",N/A,0,,,,,,,,,,,,,,,,,,,,,,,,
"Tyler Zenoni",,,"Elite Men",12000,,"Elite Men",DNQ,0,"Elite Men",DNQ,0,,,,,,,,,,,,,,,,,,,,,,,,,,,,,,
"Valentin Chatanay",,,"Elite Men",28000,Out,,,,"Elite Men",DNQ,0,"Elite Men",DNS,0,,,,,,,,,,,,,,,,,,,,,,,,,,,
"Valentin Peries",,,"Junior Men",6000,Out,,,,,,,,,,,,,,,,,,,,,,,,,,,,,,,,,,,,
"Valentin Pohn",,,"Junior Men",12000,,,,,"Junior Men",DNQ,0,"Junior Men",DNQ,0,,,,,,,,,,,,,,,,,,,,,,,,,,,
"Valentina Roa Sanchez",,"Transition Factory Racing","Elite Women",69000,,"Elite Women",8,70,"Elite Women",N/A,0,"Elite Women",N/A,0,"Elite Women",DNQ,0,"Junior Women",1,60,"Junior Women",3,45,"Junior Women",1,60,"Junior Women",3,45,"Junior Women",2,50,"Junior Women",4,40,"Junior Women",4,40,"Junior Women",2,50
"Vali Holl",,"YT Mob","Elite Women",229000,,"Elite Women",5,120,"Elite Women",1,250,"Elite Women",6,90,"Elite Women",1,250,"Elite Women",1,250,"Elite Women",3,180,"Elite Women",10,50,"Elite Women",1,250,"Elite Women",2,210,"Elite Women",1,250,"Elite Women",1,250,"Elite Women",4,150
"Veronika Widmann",,"Continental GT Factory Racing","Elite Women",90000,,"Elite Women",DNS,0,"Elite Women",DNS,0,"Elite Women",10,50,"Elite Women",N/A,0,"Elite Women",3,180,"Elite Women",8,70,,,,,,,,,,"Elite Women",9,60,"Elite Women",10,50,,,
"Vicky Clavel",,"Scott Downhill Factory","Elite Women",50000,,"Elite Women",DNQ,0,"Elite Women",DNQ,0,"Elite Women",DNQ,0,"Elite Women",DNQ,0,,,,,,,,,,,,,,,,,,,,,,,,
"Vincent Jouvenal",,"K Bike","Junior Men",20000,,"Junior Men",DNQ,0,"Junior Men",23,3,"Junior Men",DNQ,0,"Junior Men",22,4,,,,,,,,,,"Junior Men",10,22,,,,,,,"Junior Men",7,28,,,
"Vincent Tupin",,,"Elite Men",10000,,,,,,,,,,,,,,,,,,,,,,,,,,,,,,,,,,,,,
"Will Haines",,,"Junior Men",15000,,"Junior Men",DNQ,0,"Junior Men",14,14,"Junior Men",DNQ,0,"Junior Men",DNQ,0,,,,,,,,,,,,,,,,,,,"Junior Men",10,22,,,
"Will Hynes",,"Forbidden Synthesis Team","Elite Men",31000,,"Elite Men",DNQ,0,"Elite Men",DNQ,0,"Elite Men",DNQ,0,"Elite Men",DNQ,0,,,,,,,,,,,,,,,,,,,,,,,,
"William Ireland",,"Forbidden Synthesis Team","Junior Men",8000,,"Junior Men",DNS,0,"Junior Men",DNQ,0,,,,,,,,,,,,,,,,,,,,,,,,,,,,,,
"William Pope",,"Forbidden Synthesis Team","Elite Men",30000,,"Elite Men",DNQ,0,"Elite Men",DNQ,0,"Elite Men",DNQ,0,"Elite Men",DNQ,0,,,,,,,,,,,,,,,,,,,"Junior Men",8,26,,,
"William Pugh",,,"Junior Men",10000,,"Junior Men",24,2,"Junior Men",DNQ,0,,,,"Junior Men",19,7,,,,,,,,,,,,,,,,,,,,,,,,
"Winni Goldsbury",,,"Junior Women",10000,,,,,,,,,,,,,,,,,,,,,,,,,,,,,,,,,,,,,
"Wojciech Czermak",,,"Elite Men",28000,,,,,,,,"Elite Men",DNQ,0,,,,,,,,,,,,,,,,,,,,,,,,,,,
"Woody Kefford",,,"Junior Men",15000,,"Junior Men",DNQ,0,,,,"Junior Men",DNQ,0,"Junior Men",DNQ,0,,,,,,,,,,,,,,,,,,,,,,,,
"Wyatt Stevens-McNab",,,"Junior Men",16000,,"Junior Men",DNQ,0,"Junior Men",DNQ,0,,,,,,,,,,,,,,,,,,,,,,,,,,,,,,
"Wyn Masters",,"The Gravity Cartel-Rogue Racing","Elite Men",30000,,"Elite Men",DNQ,0,"Elite Men",N/A,0,"Elite Men",DNQ,0,"Elite Men",DNQ,0,,,,,,,,,,,,,,,,,,,,,,,,
"Yannick Baechler",,,"Elite Men",10000,,,,,,,,,,,,,,,,,,,,,,,,,,,,,,,,,,,,,
"Yelco Romero Boulandier",,,"Elite Men",10000,Out,,,,,,,,,,,,,,,,,,,,,,,,,,,,,,,,,,,,
"Yuki Kushima",,"Team High Country","Elite Men",33000,,"Elite Men",DNQ,0,"Elite Men",DNQ,0,"Elite Men",DNQ,0,"Elite Men",DNQ,0,,,,,,,,,,,,,,,,,,,,,,,,
"Zac Bradley",,"Team High Country","Junior Men",16000,,"Junior Men",14,14,"Junior Men",DNQ,0,"Junior Men",DNQ,0,"Junior Men",DNQ,0,,,,,,,,,,,,,,,,,,,,,,,,
"Zali Miklas",,"Team High Country","Junior Women",15000,,"Junior Women",DNQ,0,"Junior Women",DNQ,0,"Junior Women",DNS,0,"Junior Women",DNQ,0,,,,,,,,,,,,,,,,,,,,,,,,