Rider,Number,Bike,"Leogang - 2024 Class","Leogang - 2024 Cost","Leogang - 2024 Status","Bielsko-Biala - 2024 Class","Bielsko-Biala - 2024 Position","Bielsko-Biala - 2024 Points","Fort William - 2024 Class","Fort William - 2024 Position","Fort William - 2024 Points","Mont-Sainte-Anne - 2023 Class","Mont-Sainte-Anne - 2023 Position","Mont-Sainte-Anne - 2023 Points","Snowshoe - 2023 Class","Snowshoe - 2023 Position","Snowshoe - 2023 Points","Les Gets - 2023 Class","Les Gets - 2023 Position","Les Gets - 2023 Points","Loudenvielle - 2023 Class","Loudenvielle - 2023 Position","Loudenvielle - 2023 Points","Andorra - 2023 Class","Andorra - 2023 Position","Andorra - 2023 Points","Val di Sole - 2023 Class","Val di Sole - 2023 Position","Val di Sole - 2023 Points","Leogang - 2023 Class","Leogang - 2023 Position","Leogang - 2023 Points","Lenzerheide - 2023 Class","Lenzerheide - 2023 Position","Lenzerheide - 2023 Points"
"Abigail Hogie",,"Beyond Racing","Elite Women",50000,,"Elite Women",DNQ,0,"Elite Women",DNQ,0,,,,,,,,,,,,,,,,,,,,,,,,
"Abigail Ronca",,"Evolve Racing","Elite Women",50000,,"Elite Women",DNQ,0,"Elite Women",DNQ,0,"Junior Women",8,15,"Junior Women",9,10,"Junior Women",10,5,,,,"Junior Women",8,15,"Junior Women",8,15,"Junior Women",9,10,,,
"Adam Brayton",,"BNC Racing","Elite Men",36000,,"Elite Men",DNQ,0,"Elite Men",N/A,0,,,,,,,,,,,,,,,,,,,,,,,,
"Adam Rojcek",,,"Elite Men",28000,,"Elite Men",DNQ,0,,,,,,,,,,,,,,,,,,,,,,,,,,,
"Aimi Kenyon",,"Unior-Sinter Factory Racing","Elite Women",70000,,,,,,,,"Junior Women",4,40,"Junior Women",7,25,"Junior Women",8,15,,,,,,,"Junior Women",7,25,"Junior Women",2,50,"Junior Women",5,35
"Albertas Turba",,,"Elite Men",10000,,,,,,,,,,,,,,,,,,,,,,,,,,,,,,,
"Alix Francoz",,"Dorval AM Commencal","Elite Men",29000,,"Elite Men",DNS,0,,,,,,,,,,,,,,,,,,,,,,,,,,,
"Amaury Pierron",,"Commencal/Muc-Off by Riding Addiction","Elite Men",164000,,"Elite Men",5,140,"Elite Men",15,60,,,,,,,,,,,,,,,,,,,,,,,,
"Amelia Dudek",,,"Junior Women",14000,,"Junior Women",DNQ,0,"Junior Women",10,5,,,,,,,,,,,,,"Junior Women",DNF,0,"Junior Women",9,10,"Junior Women",7,25,,,
"Amund Groven",,,"Junior Men",8000,,,,,,,,,,,,,,,,,,,,,,,,,,,,,,,
"Anatole Brunel",,,"Junior Men",12000,,"Junior Men",DNQ,0,,,,,,,,,,,,,,,,,,,,,,,,,,,
"Andreas Kolb",,"Continental Atherton","Elite Men",205000,,"Elite Men",8,95,"Elite Men",9,80,"Elite Men",8,95,"Elite Men",7,110,"Elite Men",2,210,"Elite Men",15,60,,,,"Elite Men",6,125,"Elite Men",1,250,,,
"Angel Suarez",,"Frameworks Racing","Elite Men",80000,,"Elite Men",9,80,"Elite Men",N/A,0,,,,,,,,,,,,,"Elite Men",7,110,,,,,,,,,
"Angus Ferguson",,,"Elite Men",30000,,"Elite Men",DNQ,0,"Elite Men",DNQ,0,,,,,,,,,,,,,,,,,,,,,,,,
"Anna Newkirk",,"Beyond Racing","Elite Women",70000,,"Elite Women",11,50,"Elite Women",8,70,,,,,,,"Elite Women",6,90,,,,,,,,,,,,,"Elite Women",10,50
"Anthony Shelly",,,"Junior Men",8000,,,,,,,,,,,,,,,,,,,,,,,,,,,,,,,
"Antoine Pierron",,"Commencal ICStudio","Elite Men",32000,,"Elite Men",DNQ,0,"Elite Men",DNQ,0,,,,,,,,,,"Elite Men",10,75,,,,"Elite Men",12,68,,,,,,
"Antoine Rogge",,"Lapierre Zipp Collective","Elite Men",34000,,"Elite Men",N/A,0,"Elite Men",DNQ,0,,,,,,,,,,,,,,,,,,,,,,,,
"Antoine Vidal",,"Commencal Les Orres","Elite Men",44000,,,,,"Elite Men",DNS,0,,,,"Elite Men",17,56,,,,,,,"Elite Men",4,160,,,,,,,"Elite Men",13,65
"Antonio Royo Blesa",,,"Elite Men",14000,,,,,,,,,,,,,,,,,,,,,,,,,,,,,,,
"Arnau Miro Graslaub",,,"Elite Men",30000,,"Elite Men",DNQ,0,"Elite Men",DNQ,0,,,,,,,,,,,,,,,,,,,,,,,,
"Arthur Perfillon",,,"Elite Men",27000,,"Elite Men",DNQ,0,,,,,,,,,,,,,,,,,,,,,,,,,,,
"Asa Vermette",,"Frameworks Racing","Junior Men",80000,,"Junior Men",1,60,"Junior Men",1,60,,,,,,,,,,,,,,,,,,,,,,,,
"Athanasios Paradas",,,"Junior Men",8000,,,,,,,,,,,,,,,,,,,,,,,,,,,,,,,
"Austin Dooley",,"Commencal / Schwalbe","Elite Men",45000,,"Elite Men",26,38,"Elite Men",DNF,0,,,,"Elite Men",19,52,,,,,,,"Elite Men",18,54,,,,,,,,,
"Baptiste Pierron",,"Dorval AM Commencal","Elite Men",37000,,"Elite Men",DNQ,0,"Elite Men",DNQ,0,"Elite Men",11,71,,,,"Elite Men",18,54,,,,"Elite Men",20,50,"Elite Men",20,50,,,,"Elite Men",18,54
"Benjamin Wilson",,"Raw Fusion Racing","Junior Men",15000,,"Junior Men",DNQ,0,"Junior Men",DNQ,0,,,,,,,,,,,,,,,,,,,,,,,,
"Benny De Vall",,"Outlaw United","Junior Men",15000,,"Junior Men",DNQ,0,"Junior Men",DNQ,0,,,,,,,,,,,,,,,,,,,,,,,,
"Benoit Coulanges",,"Dorval AM Commencal","Elite Men",147000,,"Elite Men",4,160,"Elite Men",6,125,,,,,,,"Elite Men",1,250,"Elite Men",16,58,,,,"Elite Men",8,95,"Elite Men",10,75,"Elite Men",8,95
"Bernard Kerr",,"Pivot Factory Racing","Elite Men",115000,,"Elite Men",15,60,"Elite Men",14,63,"Elite Men",4,160,"Elite Men",5,140,"Elite Men",12,68,"Elite Men",13,65,"Elite Men",5,140,"Elite Men",7,110,"Elite Men",18,54,"Elite Men",14,63
"Bode Burke",,"Outlaw United","Junior Men",8000,,,,,,,,,,,,,,,,,,,,,,,,,,,,,,,
"Bodhi Kuhn",,"Trek Factory Racing Gravity","Elite Men",46000,,"Elite Men",22,46,"Elite Men",23,44,,,,,,,,,,,,,"Junior Men",5,35,"Junior Men",1,60,"Junior Men",2,50,"Junior Men",2,50
"Braedyn Davis",,,"Junior Men",15000,,"Junior Men",DNQ,0,"Junior Men",DNQ,0,,,,,,,,,,,,,,,,,,,,,,,,
"Brook Macdonald",,"Forbidden Synthesis Team","Elite Men",27000,,"Elite Men",N/A,0,"Elite Men",N/A,0,,,,,,,,,,,,,,,,,,,,,,,,
"Bryn Dickerson",,,"Elite Men",34000,,"Elite Men",DNQ,0,,,,,,,,,,,,,,,,,,,,,,,,,,,
"Callum Crofts",,"Raw Fusion Racing","Junior Men",15000,,"Junior Men",DNQ,0,"Junior Men",DNQ,0,,,,,,,,,,,,,,,,,,,,,,,,
"Camille Balanche",,"Dorval AM Commencal","Elite Women",210000,,"Elite Women",2,210,"Elite Women",4,150,,,,,,,,,,,,,,,,"Elite Women",2,210,"Elite Women",2,210,"Elite Women",2,210
"Carter Sloan",,"Synergy 37","Junior Men",16000,,"Junior Men",16,10,"Junior Men",DNQ,0,,,,,,,,,,,,,,,,,,,,,,,,
"Charles Napier",,,"Junior Men",8000,,,,,,,,,,,,,,,,,,,,,,,,,,,,,,,
"Charlie Hatton",,"Continental Atherton","Elite Men",95000,,"Elite Men",24,42,"Elite Men",N/A,0,,,,,,,,,,,,,,,,,,,"Elite Men",16,58,"Elite Men",10,75
"Charlotte Gaudreau",,,"Elite Women",30000,,,,,,,,,,,,,,,,,,,,,,,,,,,,,,,
"Chloe Vionnet",,,"Junior Women",13000,,"Junior Women",DNS,0,,,,,,,,,,"Junior Women",7,25,"Junior Women",9,10,,,,,,,,,,,,
"Christian Hauser",,"Union - Forged by Steel City Media","Junior Men",46000,,"Junior Men",21,5,"Junior Men",DNS,0,,,,,,,,,,"Junior Men",3,45,"Junior Men",2,50,,,,,,,"Junior Men",1,60
"Christoph Handl",,,"Elite Men",10000,,,,,,,,,,,,,,,,,,,,,,,,,,,,,,,
"Christopher Grice",,Gen-S,"Elite Men",32000,,"Elite Men",N/A,0,"Elite Men",DNQ,0,,,,,,,,,,,,,,,,,,,,,,,,
"Clement Laugier",,,"Junior Men",15000,,"Junior Men",23,3,"Junior Men",DNQ,0,,,,,,,,,,"Junior Men",9,24,,,,,,,,,,,,
"Colin Mcelyea",,"Evolve Racing","Elite Men",32000,,"Elite Men",DNQ,0,"Elite Men",DNQ,0,,,,,,,,,,,,,,,,,,,,,,,,
"Collier Kee",,"The Gravity Collective","Junior Men",15000,,"Junior Men",DNQ,0,"Junior Men",DNQ,0,,,,,,,,,,,,,,,,,,,,,,,,
"Constantin Ruetsch",,,"Elite Men",10000,,,,,,,,,,,,,,,,,,,,,,,,,,,,,,,
"Cooper Downey",,,"Elite Men",10000,,,,,,,,,,,,,,,,,,,,,,,,,,,,,,,
"Dakotah Norton",,"Mondraker Factory Racing","Elite Men",170000,,"Elite Men",31,30,"Elite Men",4,160,"Elite Men",6,125,"Elite Men",3,180,,,,"Elite Men",2,210,,,,,,,"Elite Men",14,63,"Elite Men",9,80
"Dan Slack",,"Seton Tuning","Elite Men",31000,,"Elite Men",28,34,"Elite Men",DNQ,0,,,,,,,,,,,,,,,,,,,,,,,,
"Dane Jewett",,"Pivot Factory Racing","Junior Men",56000,,"Junior Men",3,45,"Junior Men",5,35,,,,"Junior Men",7,28,"Junior Men",8,26,,,,,,,,,,,,,"Junior Men",7,28
"Dani Tell Sanchez",,,"Elite Men",28000,,"Elite Men",DNQ,0,,,,,,,,,,,,,,,,,,,,,,,,,,,
"Daniel Castellanos",,,"Elite Men",30000,,"Elite Men",DNQ,0,"Elite Men",DNQ,0,"Junior Men",6,30,"Junior Men",4,40,,,,,,,,,,,,,"Junior Men",3,45,,,
"Daniel Parfitt",,"BNC Racing","Junior Men",47000,,"Junior Men",7,28,"Junior Men",3,45,,,,,,,,,,,,,,,,,,,,,,,,
"Danny Hart",,"Continental GT Factory Racing","Elite Men",84000,,"Elite Men",20,50,"Elite Men",13,65,,,,,,,,,,,,,,,,"Elite Men",9,80,,,,"Elite Men",12,68
"Dante Silva",,"Canyon CLLCTV Pirelli","Elite Men",34000,,"Elite Men",N/A,0,"Elite Men",DNQ,0,,,,,,,,,,,,,,,,,,,,,,,,
"Darcy Coutts",,,"Elite Men",10000,,,,,,,,,,,,,,,,,,,,,,,,,,,,,,,
"David Trummer",,"MS Intense Racing","Elite Men",32000,,,,,,,,,,,,,,,,,,,,,,,,,,,,,,,
"Davide Cappello",,"The Gravity Cartel-Rogue Racing","Elite Men",30000,,"Elite Men",N/A,0,"Elite Men",DNQ,0,,,,,,,,,,,,,,,,,,,,,,,,
"Davide Palazzari",,"The Gravity Cartel-Rogue Racing","Elite Men",39000,,"Elite Men",N/A,0,"Elite Men",DNQ,0,"Elite Men",15,60,,,,,,,"Elite Men",7,110,"Elite Men",16,58,,,,,,,,,
"Delphine Bulliard",,,"Elite Women",30000,,,,,,,,,,,,,,,,,,,,,,,,,,,,,,,
"Denis Kohut",,,"Elite Men",26000,,"Elite Men",DNQ,0,,,,,,,,,,,,,,,,,,,,,,,,,,,
"Dom Platt",,"Continental Atherton","Elite Men",30000,,,,,"Elite Men",DNS,0,"Junior Men",5,35,"Junior Men",5,35,,,,"Junior Men",7,28,,,,,,,,,,,,
"Douglas Goodwill",,"Triple Five Racing","Elite Men",30000,,"Elite Men",DNQ,0,"Elite Men",N/A,0,,,,,,,,,,,,,,,,,,,,,,,,
"Douglas Vieira",,,"Elite Men",30000,,"Elite Men",DNQ,0,"Elite Men",26,38,,,,,,,,,,,,,,,,,,,,,,,,
"Dylan Conte",,,"Elite Men",16000,,,,,,,,,,,,,,,,,,,,,,,,,,,,,,,
"Dylan Levesque",,"Scott Downhill Factory","Elite Men",48000,,"Elite Men",20,50,"Elite Men",N/A,0,,,,"Elite Men",15,60,"Elite Men",11,71,"Elite Men",6,125,,,,,,,"Elite Men",20,50,"Elite Men",20,50
"Dylan Maples",,"Commencal/Muc-Off by Riding Addiction","Elite Men",46000,,"Elite Men",23,44,"Elite Men",24,42,"Elite Men",13,65,"Elite Men",20,50,,,,,,,"Elite Men",17,56,,,,,,,,,
"Dylan Marino",,"Outlaw United","Junior Men",15000,,"Junior Men",DNQ,0,"Junior Men",20,6,,,,,,,,,,,,,,,,,,,"Junior Men",6,30,,,
"Eleonora Farina",,"MS Intense Racing","Elite Women",54000,,"Elite Women",N/A,0,"Elite Women",DNQ,0,,,,,,,"Elite Women",8,70,,,,"Elite Women",5,120,,,,,,,,,
"Eliana Hulsebosch",,"Union - Forged by Steel City Media","Junior Women",60000,,"Junior Women",4,40,"Junior Women",3,45,,,,,,,,,,,,,,,,,,,,,,,,
"Elias Chabloz",,,"Junior Men",12000,,"Junior Men",DNQ,0,,,,,,,,,,,,,,,,,,,,,,,,,,,
"Elias Verstad Stubergh",,,"Junior Men",8000,,,,,,,,,,,,,,,,,,,,,,,,,,,,,,,
"Eliel Maukonen",,,"Junior Men",12000,,"Junior Men",DNQ,0,,,,,,,,,,,,,,,,,,,,,,,,,,,
"Elise Empey",,"Synergy 37","Elite Women",52000,,"Elite Women",N/A,0,"Elite Women",DNQ,0,,,,,,,,,,,,,,,,,,,,,,,,
"Ella Svegby",,,"Junior Women",10000,,,,,,,,,,,,,,,,,,,,,,,,,,,,,,,
"Elliot Lees",,"K Bike","Elite Men",15000,,,,,,,,,,,,,,,,,,,,,,,,,,,,,,,
"Emile Rilat",,,"Elite Men",28000,,"Elite Men",DNQ,0,,,,,,,,,,,,,,,,,,,,,,,,,,,
"Emma Iten",,,"Elite Women",45000,,"Elite Women",DNQ,0,,,,"Junior Women",5,35,"Junior Women",10,5,,,,"Junior Women",6,30,"Junior Women",4,40,,,,"Junior Women",6,30,"Junior Women",6,30
"Emmy Lan",,,"Elite Women",32000,,"Elite Women",DNQ,0,,,,,,,,,,,,,,,,,,,,,,,,,,,
"Emy Grandouiller",,,"Junior Women",12000,,,,,"Junior Women",DNQ,0,,,,,,,"Junior Women",9,10,"Junior Women",10,5,,,,,,,,,,,,
"Erice Van Leuven",,"Commencal Les Orres","Junior Women",80000,,"Junior Women",2,50,"Junior Women",5,35,"Junior Women",10,5,"Junior Women",1,60,,,,"Junior Women",2,50,"Junior Women",1,60,"Junior Women",2,50,"Junior Women",DNF,0,"Junior Women",1,60
"Erik Irmisch",,"YT Mob","Elite Men",34000,,"Elite Men",DNS,0,"Elite Men",DNQ,0,,,,,,,,,,,,,,,,,,,,,,,,
"Ethan Craik",,"Scott Downhill Factory","Elite Men",79000,,"Elite Men",11,71,"Elite Men",N/A,0,"Elite Men",2,210,"Elite Men",8,95,,,,"Elite Men",8,95,"Elite Men",6,125,,,,,,,,,
"Evan Medcalf",,"Evolve Racing","Elite Men",35000,,"Elite Men",DNQ,0,"Elite Men",DNQ,0,,,,"Junior Men",2,50,"Junior Men",3,45,,,,"Junior Men",4,40,,,,,,,,,
"Felipe Ignacio Agurto Galleguillos",,,"Elite Men",10000,,,,,,,,,,,,,,,,,,,,,,,,,,,,,,,
"Felix Bauer",,,"Elite Men",10000,,,,,,,,,,,,,,,,,,,,,,,,,,,,,,,
"Fernando Juan Munoz",,"Pureriding BP Racing","Elite Men",68000,,"Elite Men",DNQ,0,"Elite Men",DNQ,0,,,,,,,"Elite Men",13,65,,,,,,,,,,,,,,,
"Finn Iles",,"Specialized Gravity","Elite Men",197000,,"Elite Men",12,68,"Elite Men",3,180,,,,"Elite Men",10,75,"Elite Men",9,80,,,,"Elite Men",3,180,"Elite Men",2,210,"Elite Men",4,160,"Elite Men",5,140
"Florian Sirieix",,,"Elite Men",10000,,,,,"Elite Men",DNQ,0,,,,,,,,,,,,,,,,,,,,,,,,
"Forrest Riesco",,,"Elite Men",16000,,,,,,,,,,,,,,,,,,,,,,,,,,,,,,,
"Francesco Beber",,"The Gravity Cartel-Rogue Racing","Junior Men",9000,,,,,,,,,,,,,,,,,,,,,,,,,,,,,,,
"Frida Helena Ronning",,"Union - Forged by Steel City Media","Elite Women",50000,,"Elite Women",DNQ,0,"Elite Women",N/A,0,,,,,,,,,,,,,,,,,,,,,,,,
"Gabriel Neron",,,"Elite Men",31000,,"Elite Men",DNQ,0,"Elite Men",DNQ,0,,,,,,,,,,,,,,,,,,,,,,,,
"Gaetan Vige",,"Propain Positive","Elite Men",34000,,"Elite Men",N/A,0,"Elite Men",DNQ,0,"Elite Men",5,140,,,,,,,,,,,,,,,,,,,,,
"Garrett Macintosh",,,"Elite Men",16000,,,,,,,,,,,,,,,,,,,,,,,,,,,,,,,
"Gavin Tomlinson",,,"Junior Men",20000,,"Junior Men",18,8,"Junior Men",15,12,,,,,,,,,,,,,,,,,,,,,,,,
"George Brannigan",,"Kenda NS Bikes UR Team","Elite Men",32000,,"Elite Men",DNQ,0,"Elite Men",N/A,0,,,,,,,,,,,,,,,,,,,,,,,,
"George Madley",,"Madison Saracen Factory Team","Junior Men",48000,,"Junior Men",12,18,"Junior Men",6,30,,,,,,,,,,,,,,,,,,,,,,,,
"Georgia Henness",,"Synergy 37","Junior Women",15000,,"Junior Women",DNQ,0,"Junior Women",DNQ,0,,,,,,,,,,,,,,,,,,,,,,,,
"Giles Button",,"Raw Fusion Racing","Junior Men",11000,,,,,,,,,,,,,,,,,,,,,,,,,,,,,,,
"Gloria Scarsi",,"Canyon Cllctv Factory Team","Elite Women",160000,,"Elite Women",7,80,"Elite Women",5,120,,,,"Elite Women",5,120,"Elite Women",5,120,,,,,,,,,,,,,,,
"Goncalo Bandeira",,"Scott Downhill Factory","Elite Men",36000,,"Elite Men",DNQ,0,"Elite Men",N/A,0,,,,,,,,,,,,,,,,,,,,,,,,
"Gracey Hemstreet",,"Norco Factory Racing","Elite Women",79000,,"Elite Women",N/A,0,"Elite Women",N/A,0,,,,"Elite Women",10,50,,,,"Elite Women",8,70,"Elite Women",8,70,"Elite Women",7,80,"Elite Women",7,80,"Elite Women",6,90
"Greg Minnaar",,"Norco Factory Racing","Elite Men",58000,,"Elite Men",DNQ,0,"Elite Men",29,32,,,,"Elite Men",16,58,"Elite Men",7,110,"Elite Men",12,68,"Elite Men",2,210,,,,,,,,,
"Greg Williamson",,"Madison Saracen Factory Team","Elite Men",95000,,"Elite Men",7,110,"Elite Men",7,110,,,,,,,,,,,,,,,,,,,,,,,,
"Gregor Brandauer",,,"Junior Men",8000,,,,,,,,,,,,,,,,,,,,,,,,,,,,,,,
"Guillermo Tovar Gallego",,,"Junior Men",15000,,"Junior Men",DNQ,0,"Junior Men",DNQ,0,,,,,,,,,,,,,,,,,,,,,,,,
"Hannes Lehmann",,,"Elite Men",28000,,"Elite Men",N/A,0,,,,,,,,,,,,,,,,,,,,,,,,,,,
"Harry Molloy",,"Continental GT Factory Racing","Elite Men",32000,,"Elite Men",N/A,0,"Elite Men",DNQ,0,,,,,,,,,,,,,,,,,,,,,,,,
"Hayden Stead",,,"Elite Men",27000,,"Elite Men",DNQ,0,,,,,,,,,,,,,,,,,,,,,,,,,,,
"Heather Wilson",,"Muc-Off Young Guns","Junior Women",80000,,"Junior Women",1,60,"Junior Women",1,60,,,,,,,,,,,,,,,,,,,,,,,,
"Henri Kiefer",,"Canyon CLLCTV Pirelli","Elite Men",38000,,"Elite Men",DNQ,0,"Elite Men",20,50,,,,,,,,,,,,,,,,"Junior Men",3,45,"Junior Men",4,40,"Junior Men",4,40
"Henry Kerr",,"Canyon CLLCTV Pirelli","Elite Men",29000,,"Elite Men",32,30,"Elite Men",27,36,,,,,,,,,,,,,,,,,,,,,,,,
"Henry Sherry",,,"Elite Men",10000,,,,,,,,,,,,,,,,,,,,,,,,,,,,,,,
"Hudson Tarling",,"Raw Fusion Racing","Junior Men",9000,,,,,,,,,,,,,,,,,,,,,,,,,,,,,,,
"Hugo Marini",,"Scott Downhill Factory","Elite Men",32000,,"Elite Men",DNQ,0,"Elite Men",N/A,0,"Junior Men",10,22,,,,,,,"Junior Men",5,40,"Junior Men",6,30,,,,,,,"Junior Men",3,45
"Ian Guionnet",,,"Elite Men",28000,,"Elite Men",DNQ,0,,,,,,,,,,,,,,,,,,,,,,,,,,,
"Ignacio Garcia",,"Muc-Off Young Guns","Junior Men",15000,,"Junior Men",DNQ,0,"Junior Men",DNS,0,,,,,,,,,,,,,,,,,,,,,,,,
"Igor Franek",,,"Junior Men",12000,,"Junior Men",DNQ,0,,,,,,,,,,,,,,,,,,,,,,,,,,,
"Jack Macleod",,"Outlaw United","Junior Men",14000,,"Junior Men",DNQ,0,"Junior Men",DNQ,0,,,,,,,,,,,,,,,,,,,,,,,,
"Jack Piercy",,"Commencal Les Orres","Elite Men",29000,,"Elite Men",N/A,0,"Elite Men",DNQ,0,,,,,,,,,,"Elite Men",18,54,,,,,,,,,,,,
"Jack Zenoni",,,"Junior Men",9000,,,,,,,,,,,,,,,,,,,,,,,,,,,,,,,
"Jackson Connelly",,"Team High Country","Elite Men",33000,,"Elite Men",DNQ,0,"Elite Men",DNQ,0,,,,,,,,,,,,,,,,,,,,,,,,
"Jackson Frew",,,"Elite Men",24000,,,,,,,,,,,,,,,,,,,,,,,,,,,,,,,
"Jacob Dickson",,"MS Intense Racing","Elite Men",32000,,"Elite Men",N/A,0,"Elite Men",N/A,0,"Elite Men",20,50,,,,,,,,,,,,,,,,,,,,,
"Jake Polito",,"Outlaw United","Junior Men",15000,,"Junior Men",DNQ,0,"Junior Men",DNQ,0,,,,,,,,,,,,,,,,,,,,,,,,
"Jakob Jewett",,"Pivot Factory Racing","Elite Men",58000,,"Elite Men",17,56,"Elite Men",DNQ,0,,,,"Elite Men",12,68,,,,,,,,,,,,,,,,,,
"James Macdermid",,"The Alliance","Elite Men",30000,,"Elite Men",DNQ,0,"Elite Men",DNQ,0,,,,,,,,,,,,,,,,,,,,,,,,
"Jamie Edmondson",,"BNC Racing","Elite Men",31000,,"Elite Men",DNQ,0,"Elite Men",N/A,0,,,,,,,,,,,,,,,,,,,,,,,,
"Jan Pajak",,,"Elite Men",25000,,"Elite Men",DNQ,0,,,,,,,,,,,,,,,,,,,,,,,,,,,
"Janis Lehmann",,"Backyard Racing Factory Team","Elite Men",26000,,"Elite Men",DNQ,0,,,,,,,,,,,,,,,,,,,,,,,,,,,
"Jaxon Blake",,,"Junior Men",8000,,,,,,,,,,,,,,,,,,,,,,,,,,,,,,,
"Jed Stanton",,"Raw Fusion Racing","Elite Men",13000,,,,,,,,,,,,,,,,,,,,,,,,,,,,,,,
"Jenna Hastings",,"Pivot Factory Racing","Elite Women",38000,,"Elite Women",DNQ,0,,,,"Elite Women",6,90,,,,,,,"Elite Women",10,50,,,,,,,,,,,,
"Jess Blewitt",,"Cube Factory Racing","Elite Women",175000,,"Elite Women",4,150,"Elite Women",DNQ,0,,,,,,,,,,,,,,,,"Elite Women",3,180,"Elite Women",9,60,,,
"Jobe Gentle",,"Team High Country","Elite Men",30000,,"Elite Men",DNQ,0,"Elite Men",DNQ,0,,,,,,,,,,,,,,,,,,,,,,,,
"Joe Breeden",,"Intense Factory Racing","Elite Men",31000,,"Elite Men",DNQ,0,"Elite Men",N/A,0,,,,,,,,,,,,,,,,,,,,,,,,
"Johan Garcin",,,"Elite Men",36000,,"Elite Men",N/A,0,"Elite Men",DNQ,0,,,,,,,,,,,,,,,,,,,,,,,,
"Jolanda Kiener",,,"Elite Women",50000,,"Elite Women",DNQ,0,"Elite Women",DNQ,0,,,,,,,,,,,,,,,,,,,,,,,,
"Jon Mozell",,"We Are One Momentum Project","Junior Men",22000,,"Junior Men",DNQ,0,"Junior Men",13,16,,,,,,,"Junior Men",2,50,,,,,,,,,,,,,,,
"Jordan Williams",,"Specialized Gravity","Elite Men",62000,,"Elite Men",16,58,"Elite Men",12,68,,,,"Elite Men",6,125,,,,"Elite Men",17,56,,,,,,,"Elite Men",13,65,"Elite Men",1,250
"Jose Pablo Paredes Moreno",,,"Elite Men",10000,,,,,,,,,,,,,,,,,,,,,,,,,,,,,,,
"Josh Lancett-Edwards",,,"Elite Men",14000,,,,,"Elite Men",DNQ,0,,,,,,,,,,,,,,,,,,,,,,,,
"Joshua Arcus",,,"Elite Men",30000,,"Elite Men",DNQ,0,"Elite Men",DNQ,0,,,,,,,,,,,,,,,,,,,,,,,,
"Juan Antonio Martinez Revolorio",,,"Elite Men",11000,,,,,,,,,,,,,,,,,,,,,,,,,,,,,,,
"Jules Troillet",,,"Elite Men",28000,,"Elite Men",DNQ,0,,,,,,,,,,,,,,,,,,,,,,,,,,,
"Julian Koch",,,"Junior Men",12000,,"Junior Men",DNQ,0,,,,,,,,,,,,,,,,,,,,,,,,,,,
"Julien Markewitz",,"Outlaw United","Elite Men",10000,,,,,,,,,,,,,,,,,,,,,,,,,,,,,,,
"Junior Paroz",,,"Elite Men",10000,,,,,,,,,,,,,,,,,,,,,,,,,,,,,,,
"Justin Gagne",,,"Junior Men",8000,,,,,,,,,,,,,,,,,,,,,,,,,,,,,,,
"Kacper Sidlo",,,"Junior Men",15000,,"Junior Men",DNQ,0,"Junior Men",DNQ,0,,,,,,,,,,,,,,,,,,,,,,,,
"Kael Foale",,"Raw Fusion Racing","Elite Men",28000,,"Elite Men",DNQ,0,,,,,,,,,,"Junior Men",6,30,,,,,,,,,,,,,,,
"Kalani Muirhead",,,"Elite Women",29000,,"Elite Women",DNQ,0,,,,,,,,,,,,,,,,,,,,,,,,,,,
"Kale Cushman",,"The Gravity Collective","Junior Women",38000,,"Junior Women",5,35,"Junior Women",8,15,"Junior Women",6,30,"Junior Women",5,35,,,,,,,,,,,,,,,,,,
"Kerstin Sallegger",,,"Elite Women",32000,,"Elite Women",DNQ,0,,,,,,,,,,,,,,,,,,,,,,,,,,,
"Kilian Buhl",,,"Elite Men",10000,,,,,,,,,,,,,,,,,,,,,,,,,,,,,,,
"Kimi Viardot",,"K Bike","Elite Men",29000,,"Elite Men",DNQ,0,"Elite Men",DNQ,0,"Junior Men",3,45,,,,"Junior Men",5,35,,,,,,,"Junior Men",6,30,,,,"Junior Men",6,30
"Kirk McDowall",,,"Elite Men",30000,,"Elite Men",DNQ,0,"Elite Men",DNQ,0,,,,,,,,,,,,,,,,,,,,,,,,
"Krystof Hust",,,"Junior Men",12000,,"Junior Men",DNQ,0,,,,,,,,,,,,,,,,,,,,,,,,,,,
"Kye A'Hern",,"Kenda NS Bikes UR Team","Elite Men",38000,,"Elite Men",DNQ,0,"Elite Men",19,52,,,,,,,"Elite Men",20,50,"Elite Men",20,50,,,,,,,,,,,,
"Lachlan Stevens-Mcnab",,"Union - Forged by Steel City Media","Elite Men",80000,,"Elite Men",33,30,"Elite Men",N/A,0,,,,,,,,,,,,,,,,,,,,,,,,
"Laurie Greenland",,"Santa Cruz Syndicate","Elite Men",95000,,"Elite Men",25,40,"Elite Men",N/A,0,,,,,,,,,,"Elite Men",3,180,"Elite Men",12,68,,,,"Elite Men",9,80,"Elite Men",4,160
"Lea Stornebel",,,"Elite Women",30000,,,,,,,,,,,,,,,,,,,,,,,,,,,,,,,
"Lennox Meschede",,,"Junior Men",8000,,,,,,,,,,,,,,,,,,,,,,,,,,,,,,,
"Leo Abella",,"Commencal Les Orres","Elite Men",38000,,"Elite Men",DNQ,0,"Elite Men",DNQ,0,,,,,,,"Junior Men",4,40,"Junior Men",6,30,"Junior Men",9,24,"Junior Men",5,35,"Junior Men",1,60,,,
"Leo Brabeck-Letmathe",,,"Junior Men",8000,,,,,,,,,,,,,,,,,,,,,,,,,,,,,,,
"Leo Grisel",,,"Elite Men",12000,,,,,"Elite Men",DNS,0,,,,,,,,,,,,,,,,,,,,,,,,
"Lewis Carr",,"BNC Racing","Elite Men",33000,,"Elite Men",DNQ,0,"Elite Men",DNQ,0,,,,,,,,,,,,,,,,,,,,,,,,
"Lino Lehmann",,"Gamux Factory Racing","Elite Men",28000,,"Elite Men",DNQ,0,"Elite Men",N/A,0,,,,,,,,,,,,,,,,,,,,,,,,
"Lino Neumann",,,"Junior Men",12000,,"Junior Men",DNQ,0,,,,,,,,,,,,,,,,,,,,,,,,,,,
"Lisa Baumann",,"Commencal Les Orres","Elite Women",51000,,"Elite Women",DNQ,0,"Elite Women",N/A,0,,,,,,,"Elite Women",9,60,"Elite Women",5,120,"Elite Women",10,50,"Elite Women",8,70,,,,,,
"Lisa Bouladou",,,"Elite Women",78000,,"Elite Women",N/A,0,"Elite Women",DNQ,0,"Junior Women",3,45,"Junior Women",4,40,"Junior Women",4,40,"Junior Women",4,40,"Junior Women",3,45,"Junior Women",3,45,"Junior Women",1,60,"Junior Women",3,45
"Loic Bruni",,"Specialized Gravity","Elite Men",210000,,"Elite Men",2,210,"Elite Men",1,250,"Elite Men",3,180,,,,"Elite Men",5,140,"Elite Men",1,250,,,,"Elite Men",14,63,"Elite Men",2,210,"Elite Men",3,180
"Loic Martin",,,"Elite Men",30000,,"Elite Men",DNQ,0,"Elite Men",DNQ,0,,,,,,,,,,,,,,,,,,,,,,,,
"Loick Hudon",,,"Junior Men",8000,,,,,,,,,,,,,,,,,,,,,,,,,,,,,,,
"Lorenzo Mascherini",,"The Gravity Cartel-Rogue Racing","Junior Men",18000,,"Junior Men",DNQ,0,"Junior Men",18,8,,,,,,,,,,,,,,,,,,,,,,,,
"Loris Revelli",,,"Elite Men",34000,,"Elite Men",DNQ,0,"Elite Men",DNF,0,,,,,,,,,,,,,,,,,,,,,,,,
"Loris Schapper",,,"Junior Men",12000,,"Junior Men",DNQ,0,,,,,,,,,,,,,,,,,,,,,,,,,,,
"Loris Vergier",,"Trek Factory Racing Gravity","Elite Men",190000,,"Elite Men",3,180,"Elite Men",8,95,"Elite Men",10,75,"Elite Men",4,160,"Elite Men",3,180,"Elite Men",14,63,,,,"Elite Men",5,140,"Elite Men",7,110,"Elite Men",2,210
"Louise Ferguson",,"Intense Factory Racing","Elite Women",68000,,"Elite Women",9,60,"Elite Women",N/A,0,,,,,,,,,,,,,"Elite Women",7,80,,,,,,,,,
"Luca Catalano",,,"Junior Men",8000,,,,,,,,,,,,,,,,,,,,,,,,,,,,,,,
"Luca Shaw",,"Canyon Cllctv Factory Team","Elite Men",165000,,"Elite Men",6,125,"Elite Men",5,140,"Elite Men",7,110,"Elite Men",18,54,"Elite Men",8,95,,,,"Elite Men",10,75,"Elite Men",13,65,"Elite Men",5,140,"Elite Men",11,71
"Luca Thurlow",,"Triple Five Racing","Elite Men",30000,,"Elite Men",DNQ,0,"Elite Men",DNQ,0,"Junior Men",4,40,"Junior Men",8,26,,,,,,,,,,,,,,,,,,
"Lucas Arrudi Mimbrera",,,"Junior Men",8000,,,,,,,,,,,,,,,,,,,,,,,,,,,,,,,
"Lucas Daines",,,"Junior Men",9000,,,,,,,,,,,,,,,,,,,,,,,,,,,,,,,
"Lucas Dedora",,"The Gravity Collective","Junior Men",29000,,"Junior Men",9,24,"Junior Men",17,9,,,,,,,,,,,,,,,,,,,,,,,,
"Lucas Lagneau",,"Canyon CLLCTV Pirelli","Junior Men",27000,,"Junior Men",DNQ,0,"Junior Men",12,18,,,,,,,,,,,,,,,,"Junior Men",4,40,,,,"Junior Men",10,22
"Luka Berginc",,,"Elite Men",12000,,,,,,,,,,,,,,,,,,,,,,,,,,,,,,,
"Lukas Lammlein",,,"Junior Men",8000,,,,,,,,,,,,,,,,,,,,,,,,,,,,,,,
"Luke Meier-Smith",,"Giant Factory Off-Road Team","Elite Men",44000,,"Elite Men",27,36,"Elite Men",DSQ,0,,,,,,,,,,,,,"Elite Men",8,95,,,,,,,,,
"Luke Wayman",,"The Gravity Cartel-Rogue Racing","Junior Men",54000,,"Junior Men",6,30,"Junior Men",2,50,"Junior Men",9,24,"Junior Men",10,22,,,,,,,"Junior Men",10,22,,,,,,,,,
"Luke Williamson",,"Triple Five Racing","Elite Men",34000,,"Elite Men",DNQ,0,"Elite Men",N/A,0,,,,,,,,,,,,,,,,,,,,,,,,
"Mae Rogier",,,"Junior Men",16000,,"Junior Men",DNQ,0,"Junior Men",DNQ,0,,,,,,,,,,,,,,,,,,,,,,,,
"Mael Gironde",,,"Elite Men",33000,,"Elite Men",DNQ,0,"Elite Men",DNQ,0,,,,,,,,,,,,,,,,,,,,,,,,
"Maj Babaclc",,,"Junior Men",8000,,,,,,,,,,,,,,,,,,,,,,,,,,,,,,,
"Malo Rochet",,"Goodman Santacruz","Junior Men",15000,,"Junior Men",DNQ,0,"Junior Men",DNQ,0,,,,,,,,,,,,,,,,,,,,,,,,
"Marco Comerio",,,"Elite Men",10000,,,,,,,,,,,,,,,,,,,,,,,,,,,,,,,
"Marco Fender",,,"Junior Men",12000,,"Junior Men",DNQ,0,,,,,,,,,,,,,,,,,,,,,,,,,,,
"Marco Lamaris",,"Propain Positive","Junior Men",23000,,"Junior Men",20,6,"Junior Men",DNQ,0,,,,,,,,,,,,,,,,,,,,,,,,
"Marine Cabirou",,"Scott Downhill Factory","Elite Women",210000,,"Elite Women",1,250,"Elite Women",6,90,"Elite Women",9,60,"Elite Women",1,250,"Elite Women",1,250,"Elite Women",3,180,"Elite Women",4,150,"Elite Women",4,150,"Elite Women",6,90,"Elite Women",5,120
"Marius Perraudin",,,"Elite Men",28000,,"Elite Men",DNQ,0,,,,,,,,,,,,,,,,,,,,,,,,,,,
"Mark Wallace",,"We Are One Momentum Project","Elite Men",42000,,"Elite Men",N/A,0,"Elite Men",DNQ,0,,,,,,,"Elite Men",16,58,,,,"Elite Men",13,65,,,,,,,,,
"Martin Horak",,,"Junior Men",12000,,"Junior Men",DNQ,0,,,,,,,,,,,,,,,,,,,,,,,,,,,
"Mathilde Bernard",,,"Elite Women",30000,,"Elite Women",DNQ,0,,,,,,,,,,,,,,,,,,,,,,,,,,,
"Matilda Melton",,"Transition Factory Racing","Junior Women",60000,,"Junior Women",6,30,"Junior Women",4,40,,,,,,,,,,,,,,,,,,,,,,,,
"Matt Walker",,"Madison Saracen Factory Team","Elite Men",77000,,"Elite Men",N/A,0,"Elite Men",10,75,,,,"Elite Men",9,80,"Elite Men",17,56,,,,,,,"Elite Men",17,56,"Elite Men",12,68,,,
"Matteo Iniguez",,"Commencal ICStudio","Elite Men",30000,,"Elite Men",DNS,0,"Elite Men",DNQ,0,,,,,,,,,,,,,,,,"Elite Men",18,54,,,,,,
"Mattia Bianco",,"The Gravity Cartel-Rogue Racing","Junior Men",15000,,"Junior Men",DNQ,0,"Junior Men",DNQ,0,,,,,,,,,,,,,,,,,,,,,,,,
"Max Alran",,"Commencal/Muc-Off by Riding Addiction","Junior Men",45000,,"Junior Men",24,2,"Junior Men",4,40,,,,,,,,,,,,,,,,,,,,,,,,
"Max Becker",,,"Junior Men",8000,,,,,,,,,,,,,,,,,,,,,,,,,,,,,,,
"Max Caro Labbe",,,"Junior Men",8000,,,,,,,,,,,,,,,,,,,,,,,,,,,,,,,
"Max Hartenstern",,"Cube Factory Racing","Elite Men",52000,,"Elite Men",19,52,"Elite Men",N/A,0,,,,"Elite Men",14,63,"Elite Men",14,63,"Elite Men",11,71,"Elite Men",19,52,,,,"Elite Men",15,60,,,
"Max Heidegger",,,"Junior Men",8000,,,,,,,,,,,,,,,,,,,,,,,,,,,,,,,
"Maxima Jaax",,,"Junior Women",25000,,"Junior Women",7,25,,,,,,,,,,,,,,,,,,,,,,,,,,,
"Maximilian Heck",,,"Elite Men",28000,,"Elite Men",DNQ,0,,,,,,,,,,,,,,,,,,,,,,,,,,,
"McLure Bailey",,,"Junior Men",11000,,,,,,,,,,,,,,,,,,,,,,,,,,,,,,,
"Michael Delesalle",,"Gwin Racing","Junior Men",18000,,"Junior Men",DNQ,0,"Junior Men",21,5,,,,,,,,,,,,,,,,,,,,,,,,
"Michal Hlobil",,,"Junior Men",12000,,"Junior Men",DNQ,0,,,,,,,,,,,,,,,,,,,,,,,,,,,
"Mika Rodon Del Amo",,,"Junior Men",8000,,,,,,,,,,,,,,,,,,,,,,,,,,,,,,,
"Mikayla Parton",,"BNC Racing","Elite Women",72000,,"Elite Women",N/A,0,"Elite Women",9,60,,,,,,,,,,,,,,,,,,,,,,,,
"Mike Huter",,"Gamux Factory Racing","Junior Men",39000,,"Junior Men",25,1,"Junior Men",7,28,,,,,,,"Junior Men",7,28,,,,,,,"Junior Men",7,28,"Junior Men",9,24,"Junior Men",9,24
"Mikolaj Gawronek",,,"Junior Men",15000,,"Junior Men",DNQ,0,"Junior Men",DNQ,0,,,,,,,,,,,,,,,,,,,,,,,,
"Mille Johnset",,"Canyon Cllctv Factory Team","Elite Women",64000,,"Elite Women",DNQ,0,"Elite Women",11,50,"Elite Women",8,70,"Elite Women",6,90,"Elite Women",4,150,"Elite Women",9,60,"Elite Women",6,90,,,,,,,,,
"Minu Stoffers",,,"Junior Women",16000,,"Junior Women",8,15,,,,,,,,,,,,,,,,,,,,,,,,,,,
"Miran Vauh",,"Dorval AM Commencal","Elite Men",36000,,"Elite Men",DNS,0,"Elite Men",DNS,0,,,,,,,,,,,,,,,,,,,,,,,,
"Monika Hrastnik",,"Dorval AM Commencal","Elite Women",74000,,"Elite Women",N/A,0,"Elite Women",10,50,"Elite Women",4,150,"Elite Women",7,80,"Elite Women",2,210,"Elite Women",6,90,,,,"Elite Women",6,90,"Elite Women",4,150,"Elite Women",8,70
"Morgan Williams",,"BNC Racing","Junior Men",21000,,"Junior Men",14,14,"Junior Men",DNQ,0,,,,,,,,,,,,,,,,,,,,,,,,
"Mylann Falquet",,"Goodman Santacruz","Junior Men",45000,,"Junior Men",2,50,"Junior Men",24,2,"Junior Men",2,50,"Junior Men",3,45,"Junior Men",9,24,"Junior Men",8,26,"Junior Men",8,26,"Junior Men",10,22,,,,,,
"Myriam Nicole",,"Commencal/Muc-Off by Riding Addiction","Elite Women",85000,,"Elite Women",N/A,0,"Elite Women",DNQ,0,,,,,,,,,,,,,,,,,,,,,,,,
"Nathan Diwell-Wilson",,,"Junior Men",15000,,"Junior Men",DNQ,0,"Junior Men",DNQ,0,,,,,,,,,,,,,,,,,,,,,,,,
"Nathan Kitchen",,"The Gravity Collective","Elite Men",10000,,,,,,,,,,,,,,,,,,,,,,,,,,,,,,,
"Nathan Pontvianne",,"Goodman Santacruz","Elite Men",40000,,"Elite Men",30,30,"Elite Men",25,40,"Junior Men",1,60,"Junior Men",6,30,"Junior Men",10,22,"Junior Men",2,50,"Junior Men",3,45,,,,,,,,,
"Neko Mulally",,"Frameworks Racing","Elite Men",26000,,"Elite Men",DNQ,0,"Elite Men",N/A,0,,,,,,,,,,,,,,,,,,,,,,,,
"Nellie Aabech",,,"Junior Women",10000,,,,,"Junior Women",9,10,,,,,,,,,,,,,,,,,,,,,,,,
"Nico Gurber",,,"Elite Men",13000,,,,,,,,,,,,,,,,,,,,,,,,,,,,,,,
"Nico Lamm",,,"Elite Men",32000,,"Elite Men",DNQ,0,"Elite Men",DNQ,0,,,,,,,,,,,,,,,,,,,,,,,,
"Nico Schlebes",,,"Elite Men",28000,,"Elite Men",DNQ,0,,,,,,,,,,,,,,,,,,,,,,,,,,,
"Nikolas Kolle",,,"Elite Men",28000,,"Elite Men",DNQ,0,,,,,,,,,,,,,,,,,,,,,,,,,,,
"Nina Hoffmann",,"Santa Cruz Syndicate","Elite Women",120000,,"Elite Women",3,180,"Elite Women",2,210,"Elite Women",2,210,"Elite Women",2,210,"Elite Women",3,180,"Elite Women",2,210,"Elite Women",1,250,"Elite Women",5,120,"Elite Women",8,70,"Elite Women",3,180
"Nina-Yves Cameron",,,"Elite Women",30000,,,,,,,,,,,,,,,,,,,,,,,,,,,,,,,
"Noa Hirst Walker",,,"Junior Men",26000,,"Junior Men",10,22,"Junior Men",10,22,,,,,,,,,,,,,,,,,,,,,,,,
"Noah Hofmann",,,"Elite Men",25000,,"Elite Men",DNQ,0,,,,,,,,,,,,,,,,,,,,,,,,,,,
"Noe Guichard",,,"Junior Men",8000,,,,,,,,,,,,,,,,,,,,,,,,,,,,,,,
"Noel Niederberger",,"Backyard Racing Factory Team","Elite Men",30000,,"Elite Men",DNQ,0,"Elite Men",DNQ,0,,,,,,,,,,,,,,,,,,,,,,,,
"Oisin Oâ€™Callaghan",,"YT Mob","Elite Men",85000,,"Elite Men",10,75,"Elite Men",N/A,0,"Elite Men",12,68,"Elite Men",1,250,,,,,,,"Elite Men",9,80,,,,"Elite Men",17,56,,,
"Oli Clark",,"Unior-Sinter Factory Racing","Junior Men",22000,,"Junior Men",DNQ,0,"Junior Men",8,26,,,,,,,,,,,,,,,,,,,,,,,,
"Oliver Nicholls",,,"Junior Men",12000,,"Junior Men",DNQ,0,,,,,,,,,,,,,,,,,,,,,,,,,,,
"Oliver Vogl",,,"Junior Men",20000,,"Junior Men",15,12,,,,,,,,,,,,,,,,,,,,,,,,,,,
"Oliver Zwar",,"Canyon Cllctv FMD","Elite Men",32000,,"Elite Men",DNQ,0,"Elite Men",N/A,0,,,,,,,,,,,,,,,,,,,,,,"Elite Men",19,52
"Ollie Davis",,"Santa Cruz Syndicate","Elite Men",47000,,"Elite Men",29,32,"Elite Men",DNQ,0,,,,,,,"Elite Men",15,60,"Elite Men",9,80,"Elite Men",11,71,,,,,,,,,
"Omri Danon",,"Commencal Les Orres","Junior Men",14000,,"Junior Men",DNQ,0,,,,,,,,,,,,,,,,,,,,,,,,,,,
"Ondrej Kolecik",,,"Elite Men",28000,,"Elite Men",DNQ,0,,,,,,,,,,,,,,,,,,,,,,,,,,,
"Onni Rainio",,"Seton Tuning","Elite Men",31000,,"Elite Men",DNQ,0,"Elite Men",N/A,0,,,,,,,,,,,,,,,,,,,,,,,,
"Oriol Cuadrat",,"Muc-Off Young Guns","Junior Men",15000,,"Junior Men",DNQ,0,"Junior Men",DNQ,0,,,,,,,,,,,,,,,,,,,,,,,,
"Oscar Bausager",,,"Junior Men",15000,,"Junior Men",DNQ,0,"Junior Men",DNQ,0,,,,,,,,,,,,,,,,,,,,,,,,
"Oscar Griffiths",,"Intense Factory Racing","Junior Men",22000,,"Junior Men",11,20,"Junior Men",DNQ,0,,,,,,,,,,,,,,,,,,,,,,,,
"Pau Menoyo Busquets",,"Commencal / Schwalbe","Elite Men",37000,,"Elite Men",DNQ,0,"Elite Men",N/A,0,,,,,,,,,,,,,,,,,,,,,,,,
"Phil Atwill",,"Propain Positive","Elite Men",46000,,"Elite Men",DNQ,0,"Elite Men",DNQ,0,"Elite Men",14,63,,,,,,,,,,,,,,,,,,,"Elite Men",16,58
"Pierre Ollier",,,"Junior Men",15000,,"Junior Men",DNQ,0,"Junior Men",DNQ,0,,,,,,,,,,,,,,,,,,,,,,,,
"Preston Williams",,"The Alliance","Elite Men",30000,,"Elite Men",DNQ,0,"Elite Men",DNQ,0,,,,,,,,,,,,,,,,,,,,,,,,
"Quentin Jaud",,,"Junior Men",8000,,,,,,,,,,,,,,,,,,,,,,,,,,,,,,,
"Quinten Somsen",,,"Junior Men",8000,,,,,,,,,,,,,,,,,,,,,,,,,,,,,,,
"Rafael Pelletier",,"Muc-Off Young Guns","Junior Men",16000,,"Junior Men",DNQ,0,"Junior Men",DNQ,0,,,,,,,,,,"Junior Men",5,35,,,,,,,"Junior Men",5,35,"Junior Men",8,26
"Raimundo Guzman Montesinos",,,"Elite Men",11000,,,,,,,,,,,,,,,,,,,,,,,,,,,,,,,
"Raphael Giambi",,Gen-S,"Junior Men",15000,,"Junior Men",5,35,"Junior Men",DNQ,0,,,,,,,,,,,,,,,,,,,,,,,,
"Raphael Iniguez",,"Commencal ICStudio","Elite Men",33000,,"Elite Men",DNQ,0,"Elite Men",DNQ,0,,,,,,,,,,,,,,,,,,,,,,,,
"Rastislav Baranek",,,"Elite Men",25000,,"Elite Men",N/A,0,,,,,,,,,,,,,,,,,,,,,,,,,,,
"Reece Wilson",,"Trek Factory Racing Gravity","Elite Men",105000,,"Elite Men",N/A,0,"Elite Men",16,58,,,,,,,,,,,,,,,,,,,,,,,,
"Remi Thirion",,"Giant Factory Off-Road Team","Elite Men",62000,,"Elite Men",18,54,"Elite Men",18,54,"Elite Men",16,58,"Elite Men",11,71,,,,"Elite Men",5,140,,,,"Elite Men",15,60,,,,,,
"Remy Meier-Smith",,"Giant Factory Off-Road Team","Elite Men",44000,,"Elite Men",34,30,"Elite Men",17,56,,,,,,,,,,,,,,,,"Elite Men",10,75,"Elite Men",19,52,,,
"Rennie Falconer",,"Raw Fusion Racing","Junior Men",15000,,"Junior Men",DNQ,0,"Junior Men",DNQ,0,,,,,,,,,,,,,,,,,,,,,,,,
"Riccardo Gramatica",,,"Elite Men",10000,,,,,,,,,,,,,,,,,,,,,,,,,,,,,,,
"Riko Maeuibo",,,"Junior Men",22000,,"Junior Men",19,7,"Junior Men",DNQ,0,,,,,,,,,,,,,,,,,,,,,,,,
"Roee Ostfeld",,"Commencal ICStudio","Junior Men",17000,,"Junior Men",DNQ,0,"Junior Men",DNQ,0,,,,,,,,,,,,,,,,,,,,,,,,
"Roger Vieira",,,"Elite Men",21000,,,,,,,,,,,,,,,,,,,,,,,,,,,,,,,
"Ronan Dunne",,"Mondraker Factory Racing","Elite Men",200000,,"Elite Men",1,250,"Elite Men",11,71,,,,"Elite Men",2,210,,,,,,,,,,"Elite Men",11,71,"Elite Men",8,95,,,
"Rory Kirk",,,"Elite Men",30000,,"Elite Men",DNQ,0,"Elite Men",DNQ,0,,,,,,,,,,,,,,,,,,,,,,,,
"Rory Meek",,"Meekboyz Racing","Junior Men",17000,,"Junior Men",17,9,"Junior Men",DNQ,0,,,,,,,,,,,,,,,,,,,,,,,,
"Ross Ennis",,,"Elite Men",30000,,"Elite Men",DNQ,0,"Elite Men",DNQ,0,,,,,,,,,,,,,,,,,,,,,,,,
"Ross Kew",,,"Elite Men",27000,,"Elite Men",DNQ,0,,,,,,,,,,,,,,,,,,,,,,,,,,,
"Rudi Eichhorn",,"Canyon Cllctv FMD","Junior Men",19000,,"Junior Men",22,4,"Junior Men",23,3,,,,,,,,,,,,,,,,,,,,,,,,
"Russell Tschanz",,,"Junior Men",11000,,"Junior Men",DNQ,0,,,,,,,,,,,,,,,,,,,,,,,,,,,
"Ryan Griffith",,"Pivot Factory Racing","Junior Men",31000,,"Junior Men",8,26,"Junior Men",9,24,,,,"Junior Men",9,24,,,,,,,"Junior Men",7,28,,,,,,,,,
"Ryan Hastings",,,"Junior Men",15000,,"Junior Men",DNQ,0,"Junior Men",DNQ,0,,,,,,,,,,,,,,,,,,,,,,,,
"Ryan Pinkerton",,"Mondraker Factory Racing","Elite Men",44000,,"Elite Men",N/A,0,"Elite Men",N/A,0,,,,"Junior Men",1,60,"Junior Men",1,60,"Junior Men",1,60,"Junior Men",1,60,"Junior Men",2,50,,,,"Junior Men",5,35
"Ryder Lawrence",,"Intense Factory Racing","Junior Men",26000,,"Junior Men",DNQ,0,"Junior Men",11,20,,,,,,,,,,,,,,,,,,,,,,,,
"Rye Carlyon",,,"Junior Men",9000,,,,,"Junior Men",DNQ,0,,,,,,,,,,,,,,,,,,,,,,,,
"Ryker Kearl",,"Outlaw United","Elite Men",12000,,,,,,,,,,,,,,,,,,,,,,,,,,,,,,,
"Sabina Kosarkova",,,"Elite Women",30000,,,,,,,,,,,,,,,,,,,,,,,,,,,,,,,
"Sacha Earnest",,"Trek Factory Racing Gravity","Junior Women",65000,,"Junior Women",3,45,"Junior Women",2,50,"Junior Women",2,50,"Junior Women",8,15,"Junior Women",5,35,"Junior Women",1,60,,,,"Junior Women",1,60,,,,,,
"Sacha Mills",,"Scott Downhill Factory","Junior Women",39000,,"Junior Women",9,10,"Junior Women",6,30,,,,,,,"Junior Women",2,50,"Junior Women",7,25,"Junior Women",5,35,,,,,,,,,
"Sam Blenkinsop",,"Zerode Racing","Elite Men",39000,,"Elite Men",N/A,0,"Elite Men",N/A,0,,,,,,,,,,,,,,,,,,,,,,,,
"Sam Gale",,,"Elite Men",19000,,,,,,,,,,,,,,,,,,,,,,,,,,,,,,,
"Sam Hatfield",,,"Junior Men",15000,,"Junior Men",DNS,0,"Junior Men",DNQ,0,,,,,,,,,,,,,,,,,,,,,,,,
"Samu Kauppinen",,,"Elite Men",28000,,"Elite Men",DNQ,0,,,,,,,,,,,,,,,,,,,,,,,,,,,
"Samuel Zbinden",,"Dorval AM Commencal","Elite Men",35000,,"Elite Men",DNQ,0,"Elite Men",DNQ,0,,,,,,,,,,,,,,,,,,,,,,,,
"Sebastian Kerl",,,"Junior Men",13000,,"Junior Men",DNQ,0,,,,,,,,,,,,,,,,,,,,,,,,,,,
"Sebastian Magdalena Rivera",,,"Junior Men",8000,,,,,,,,,,,,,,,,,,,,,,,,,,,,,,,
"Sebastian Vasek",,,"Junior Men",12000,,"Junior Men",DNQ,0,,,,,,,,,,,,,,,,,,,,,,,,,,,
"Sebastian Weinhandl",,,"Elite Men",25000,,"Elite Men",DNQ,0,,,,,,,,,,,,,,,,,,,,,,,,,,,
"Sebastien Holguin Villa",,"Pureriding BP Racing","Elite Men",31000,,"Elite Men",N/A,0,"Elite Men",DNQ,0,,,,,,,,,,,,,,,,,,,,,,,,
"Seth Sherlock",,"Gwin Racing","Elite Men",30000,,"Elite Men",DNQ,0,"Elite Men",DNQ,0,,,,,,,,,,,,,,,,,,,,,,,,
"Seth Stylie",,"The Alliance","Junior Men",9000,,,,,,,,,,,,,,,,,,,,,,,,,,,,,,,
"Sian A'hern",,"YT Mob","Elite Women",50000,,"Elite Women",DNQ,0,"Elite Women",N/A,0,,,,"Elite Women",9,60,,,,,,,,,,"Elite Women",10,50,,,,,,
"Siel Van Der Velden",,"Commencal ICStudio","Elite Women",51000,,"Elite Women",DNQ,0,"Elite Women",DNQ,0,,,,,,,,,,,,,,,,,,,,,,,,
"Simen Smestad",,,"Elite Men",30000,,"Elite Men",DNQ,0,"Elite Men",DNQ,0,,,,,,,,,,,,,,,,,,,,,,,,
"Simon Chapelet",,"Cube Factory Racing","Elite Men",38000,,"Elite Men",DNQ,0,"Elite Men",28,34,,,,,,,,,,,,,,,,"Elite Men",19,52,,,,,,
"Simon Maurer",,,"Elite Men",28000,,"Elite Men",N/A,0,,,,,,,,,,,,,,,,,,,,,,,,,,,
"Sixten Lind",,,"Junior Men",15000,,"Junior Men",DNQ,0,"Junior Men",DNQ,0,,,,,,,,,,,,,,,,,,,,,,,,
"Soline Besson",,,"Junior Women",15000,,"Junior Women",DNQ,0,,,,,,,,,,,,,,,,,,,,,,,,,"Junior Women",10,5
"Sorley Swabey",,"BNC Racing","Junior Men",13000,,,,,"Junior Men",DNQ,0,,,,,,,,,,,,,,,,,,,,,,,,
"Stefan Garlicki",,,"Elite Men",19000,,,,,,,,,,,,,,,,,,,,,,,,,,,,,,,
"Stefano Introzzi",,,"Elite Men",30000,,"Elite Men",N/A,0,"Elite Men",DNQ,0,,,,,,,,,,,,,,,,,,,,,,,,
"Steffen Smets",,,"Elite Men",10000,,,,,,,,,,,,,,,,,,,,,,,,,,,,,,,
"Steiner Julian",,,"Elite Men",30000,,"Elite Men",DNQ,0,"Elite Men",DNQ,0,,,,,,,,,,,,,,,,,,,,,,,,
"Tahnee Seagrave",,"Canyon Cllctv FMD","Elite Women",165000,,"Elite Women",5,120,"Elite Women",3,180,"Elite Women",10,50,"Elite Women",4,150,"Elite Women",7,80,"Elite Women",7,80,"Elite Women",3,180,,,,,,,"Elite Women",7,80
"Taylor Ostgaard",,,"Elite Women",60000,,"Elite Women",DNQ,0,"Elite Women",DNQ,0,,,,"Junior Women",2,50,"Junior Women",6,30,"Junior Women",8,15,"Junior Women",9,10,"Junior Women",6,30,"Junior Women",8,15,"Junior Women",9,10
"Taylor Vernon",,"Zerode Racing","Elite Men",39000,,"Elite Men",DNQ,0,"Elite Men",N/A,0,,,,,,,,,,,,,,,,,,,,,,,,
"Teagan Heap",,"Pivot Factory Racing","Junior Women",15000,,"Junior Women",DNF,0,,,,,,,,,,,,,,,,,,,,,,,,,,,
"Tegan Cruz",,"Kenda NS Bikes UR Team","Elite Men",33000,,"Elite Men",N/A,0,"Elite Men",DNQ,0,,,,,,,,,,,,,,,,,,,,,,,,
"Tetsuma Haguchi",,,"Elite Men",10000,,,,,,,,,,,,,,,,,,,,,,,,,,,,,,,
"Thibault Laly",,"Goodman Santacruz","Elite Men",34000,,"Elite Men",N/A,0,"Elite Men",N/A,0,,,,,,,,,,,,,,,,,,,,,,,,
"Thibaut Daprela",,"Canyon Cllctv Factory Team","Elite Men",63000,,"Elite Men",14,63,"Elite Men",N/A,0,,,,,,,,,,,,,"Elite Men",1,250,"Elite Men",3,180,"Elite Men",6,125,"Elite Men",15,60
"Thomas Estaque",,"Commencal ICStudio","Elite Men",38000,,"Elite Men",N/A,0,"Elite Men",N/A,0,,,,,,,"Elite Men",10,75,,,,,,,"Elite Men",16,58,,,,,,
"Till Alran",,"Commencal/Muc-Off by Riding Addiction","Junior Men",46000,,"Junior Men",4,40,"Junior Men",14,14,,,,,,,,,,,,,,,,,,,,,,,,
"Tobias Debin",,,"Junior Men",8000,,,,,,,,,,,,,,,,,,,,,,,,,,,,,,,
"Toby Driscoll",,,"Elite Men",16000,,,,,,,,,,,,,,,,,,,,,,,,,,,,,,,
"Toby Meek",,"Meekboyz Racing","Elite Men",30000,,"Elite Men",N/A,0,"Elite Men",DNQ,0,,,,,,,,,,,,,,,,,,,,,,,,
"Tommy Walker",,,"Junior Men",8000,,,,,"Junior Men",DNS,0,,,,,,,,,,,,,,,,,,,,,,,,
"Tristan Lemire",,"Evolve Racing","Elite Men",17000,,,,,,,,,,,,,,,,,,,,,,,,,,,,,,,
"Troy Brosnan",,"Canyon Cllctv Factory Team","Elite Men",195000,,"Elite Men",13,65,"Elite Men",2,210,"Elite Men",9,80,"Elite Men",13,65,"Elite Men",6,125,"Elite Men",19,52,"Elite Men",15,60,"Elite Men",4,160,"Elite Men",11,71,"Elite Men",7,110
"Troy Weinert",,,"Elite Men",19000,,,,,,,,,,,,,,,,,,,,,,,,,,,,,,,
"Tuhoto-Ariki Pene",,"MS Intense Racing","Elite Men",38000,,"Elite Men",DNQ,0,"Elite Men",N/A,0,"Elite Men",19,52,,,,"Elite Men",19,52,,,,"Elite Men",14,63,,,,,,,"Elite Men",17,56
"Tyler Ervin",,,"Elite Men",31000,,"Elite Men",DNQ,0,"Elite Men",N/A,0,,,,,,,,,,,,,,,,,,,,,,,,
"Tyler Zenoni",,,"Elite Men",12000,,,,,,,,,,,,,,,,,,,,,,,,,,,,,,,
"Valentin Chatanay",,,"Elite Men",28000,,"Elite Men",DNS,0,,,,,,,,,,,,,,,,,,,,,,,,,,,
"Valentin Pohn",,,"Junior Men",12000,,"Junior Men",DNQ,0,,,,,,,,,,,,,,,,,,,,,,,,,,,
"Valentin Rohrmoser",,,"Elite Men",28000,,"Elite Men",DNQ,0,,,,,,,,,,,,,,,,,,,,,,,,,,,
"Valentina Roa Sanchez",,"Transition Factory Racing","Elite Women",72000,,"Elite Women",N/A,0,"Elite Women",DNQ,0,"Junior Women",1,60,"Junior Women",3,45,"Junior Women",1,60,"Junior Women",3,45,"Junior Women",2,50,"Junior Women",4,40,"Junior Women",4,40,"Junior Women",2,50
"Vali Holl",,"YT Mob","Elite Women",205000,,"Elite Women",6,90,"Elite Women",1,250,"Elite Women",1,250,"Elite Women",3,180,"Elite Women",10,50,"Elite Women",1,250,"Elite Women",2,210,"Elite Women",1,250,"Elite Women",1,250,"Elite Women",4,150
"Vicky Clavel",,"Scott Downhill Factory","Elite Women",50000,,"Elite Women",DNQ,0,"Elite Women",DNQ,0,,,,,,,,,,,,,,,,,,,,,,,,
"Vincent Jouvenal",,"K Bike","Junior Men",20000,,"Junior Men",DNQ,0,"Junior Men",22,4,,,,,,,,,,"Junior Men",10,22,,,,,,,"Junior Men",7,28,,,
"Vladimir Srnensky",,,"Elite Men",25000,,"Elite Men",DNQ,0,,,,,,,,,,,,,,,,,,,,,,,,,,,
"Will Haines",,,"Junior Men",15000,,"Junior Men",DNQ,0,"Junior Men",DNQ,0,,,,,,,,,,,,,,,,,,,"Junior Men",10,22,,,
"Will Hynes",,"Forbidden Synthesis Team","Elite Men",31000,,"Elite Men",DNQ,0,"Elite Men",DNQ,0,,,,,,,,,,,,,,,,,,,,,,,,
"William Ireland",,"Forbidden Synthesis Team","Junior Men",8000,,,,,,,,,,,,,,,,,,,,,,,,,,,,,,,
"William Pope",,"Forbidden Synthesis Team","Elite Men",30000,,"Elite Men",DNQ,0,"Elite Men",DNQ,0,,,,,,,,,,,,,,,,,,,"Junior Men",8,26,,,
"William Pugh",,,"Junior Men",9000,,,,,"Junior Men",19,7,,,,,,,,,,,,,,,,,,,,,,,,
"Wyatt Stevens-McNab",,,"Junior Men",16000,,,,,,,,,,,,,,,,,,,,,,,,,,,,,,,
"Wyn Masters",,"The Gravity Cartel-Rogue Racing","Elite Men",30000,,"Elite Men",DNQ,0,"Elite Men",DNQ,0,,,,,,,,,,,,,,,,,,,,,,,,
"Yuki Kushima",,"Team High Country","Elite Men",33000,,"Elite Men",DNQ,0,"Elite Men",DNQ,0,,,,,,,,,,,,,,,,,,,,,,,,
"Zac Bradley",,"Team High Country","Junior Men",15000,,"Junior Men",DNQ,0,"Junior Men",DNQ,0,,,,,,,,,,,,,,,,,,,,,,,,
"Zachary Ford",,"Raw Fusion Racing","Junior Men",11000,,,,,,,,,,,,,,,,,,,,,,,,,,,,,,,
"Zali Miklas",,"Team High Country","Junior Women",15000,,"Junior Women",DNS,0,"Junior Women",DNQ,0,,,,,,,,,,,,,,,,,,,,,,,,